[earthgrid-python:28633] MCW rank 0 bound to socket 0[core 0[hwt 0-1]]: [BB/../../..]
[earthgrid-python:28633] MCW rank 1 bound to socket 0[core 1[hwt 0-1]]: [../BB/../..]
[earthgrid-python:28633] MCW rank 2 bound to socket 0[core 2[hwt 0-1]]: [../../BB/..]
[earthgrid-python:28633] MCW rank 3 bound to socket 0[core 3[hwt 0-1]]: [../../../BB]
[0 : output] Output to be read-from/written-into folder '/opt/cosmological_hypothesis_golden_ratio/data/derived/act_dr6_02/mcmc_extension_seed/planck_lcdm_camb', with prefix 'planck-camb-lcdm'
[0 : output] Found existing info files with the requested output prefix: '/opt/cosmological_hypothesis_golden_ratio/data/derived/act_dr6_02/mcmc_extension_seed/planck_lcdm_camb/planck-camb-lcdm'
[0 : output] Let's try to resume/load.
[0 : output] Found an old sample. Resuming.
[0 : prior] *WARNING* External prior 'cal_dip_prior' loaded. Mind that it might not be normalized!
[0 : camb] `camb` module loaded successfully from /opt/cosmology-software/CAMB-1.5.0-cosmorec/camb
[0 : mcmc] Resuming from previous sample!
[2 : samplecollection] Loaded 18397 sample points from '/opt/cosmological_hypothesis_golden_ratio/data/derived/act_dr6_02/mcmc_extension_seed/planck_lcdm_camb/planck-camb-lcdm.3.txt'
[0 : samplecollection] Loaded 18397 sample points from '/opt/cosmological_hypothesis_golden_ratio/data/derived/act_dr6_02/mcmc_extension_seed/planck_lcdm_camb/planck-camb-lcdm.1.txt'
[3 : samplecollection] Loaded 18397 sample points from '/opt/cosmological_hypothesis_golden_ratio/data/derived/act_dr6_02/mcmc_extension_seed/planck_lcdm_camb/planck-camb-lcdm.4.txt'
[1 : samplecollection] Loaded 18397 sample points from '/opt/cosmological_hypothesis_golden_ratio/data/derived/act_dr6_02/mcmc_extension_seed/planck_lcdm_camb/planck-camb-lcdm.2.txt'
[0 : mcmc] Initial point: ombh2:0.02221777, omch2:0.1214008, cosmomc_theta:0.01040436, logA:3.053378, ns:0.9623215, tau:0.06001231, A_planck:0.9975129
[1 : mcmc] Initial point: ombh2:0.02251131, omch2:0.1186398, cosmomc_theta:0.01041466, logA:3.054395, ns:0.9686504, tau:0.06137462, A_planck:1.000223
[3 : mcmc] Initial point: ombh2:0.02253648, omch2:0.122181, cosmomc_theta:0.01040538, logA:3.075598, ns:0.9597134, tau:0.06731534, A_planck:1.000141
[2 : mcmc] Initial point: ombh2:0.02244298, omch2:0.1189513, cosmomc_theta:0.01041395, logA:3.02921, ns:0.9682852, tau:0.04962804, A_planck:0.9993879
[0 : mcmc] *WARNING* Parameter blocking manually/previously fixed: speeds will not be measured.
[0 : mcmc] Oversampling with factors:
[0 : mcmc] *  1 : ['ombh2', 'omch2', 'cosmomc_theta', 'tau']
[0 : mcmc] *  1 : ['logA', 'ns']
[0 : mcmc] * 26 : ['A_planck']
[0 : mcmc] Covariance matrix from previous sample.
[0 : mcmc] Sampling!

 ========================================================================================================== 
 || You are entering CosmoRec v2.0.3 beta (batch mode). Several initializations will be executed now.
 ========================================================================================================== 

 ========================================================================================================== 
 || You are entering CosmoRec v2.0.3 beta (batch mode). Several initializations will be executed now.
 ========================================================================================================== 

 ========================================================================================================== 
 || You are entering CosmoRec v2.0.3 beta (batch mode). Several initializations will be executed now.
 ========================================================================================================== 

 ========================================================================================================== 
 || You are entering CosmoRec v2.0.3 beta (batch mode). Several initializations will be executed now.
 ========================================================================================================== 

 load_rates::Loading effective Rate data (HI) 
 resolved level # 0 :: 2 0 HI_index= 1
 resolved level # 1 :: 2 1 HI_index= 2
 resolved level # 2 :: 3 0 HI_index= 3
 resolved level # 3 :: 3 1 HI_index= 4
 resolved level # 4 :: 3 2 HI_index= 5

 load_rates::Loading effective Rate data (HI) 
 resolved level # 0 :: 2 0 HI_index= 1
 resolved level # 1 :: 2 1 HI_index= 2
 resolved level # 2 :: 3 0 HI_index= 3
 resolved level # 3 :: 3 1 HI_index= 4
 resolved level # 4 :: 3 2 HI_index= 5

 load_rates::Loading effective Rate data (HI) 
 resolved level # 0 :: 2 0 HI_index= 1
 resolved level # 1 :: 2 1 HI_index= 2
 resolved level # 2 :: 3 0 HI_index= 3
 resolved level # 3 :: 3 1 HI_index= 4
 resolved level # 4 :: 3 2 HI_index= 5

 load_rates::Loading effective Rate data (HI) 
 resolved level # 0 :: 2 0 HI_index= 1
 resolved level # 1 :: 2 1 HI_index= 2
 resolved level # 2 :: 3 0 HI_index= 3
 resolved level # 3 :: 3 1 HI_index= 4
 resolved level # 4 :: 3 2 HI_index= 5
 load_rates::finished. # of resolved states: 5 Tg-points: 500

 load_rates::finished. # of resolved states: 5 Tg-points: 500

 load_rates::finished. # of resolved states: 5 Tg-points: 500

 load_rates::finished. # of resolved states: 5 Tg-points: 500


 load_rates::Loading effective Rate data (HeI) 
 resolved level # 0 :: 2 0 s= 0 j= 0 HeI_index= 1
 resolved level # 1 :: 2 1 s= 0 j= 1 HeI_index= 2
 resolved level # 2 :: 2 0 s= 1 j= 1 HeI_index= 3
 resolved level # 3 :: 2 1 s= 1 j= 1 HeI_index= 5

 load_rates::Loading effective Rate data (HeI) 
 resolved level # 0 :: 2 0 s= 0 j= 0 HeI_index= 1
 resolved level # 1 :: 2 1 s= 0 j= 1 HeI_index= 2
 resolved level # 2 :: 2 0 s= 1 j= 1 HeI_index= 3
 resolved level # 3 :: 2 1 s= 1 j= 1 HeI_index= 5

 load_rates::Loading effective Rate data (HeI) 
 resolved level # 0 :: 2 0 s= 0 j= 0 HeI_index= 1
 resolved level # 1 :: 2 1 s= 0 j= 1 HeI_index= 2
 resolved level # 2 :: 2 0 s= 1 j= 1 HeI_index= 3
 resolved level # 3 :: 2 1 s= 1 j= 1 HeI_index= 5

 load_rates::Loading effective Rate data (HeI) 
 resolved level # 0 :: 2 0 s= 0 j= 0 HeI_index= 1
 resolved level # 1 :: 2 1 s= 0 j= 1 HeI_index= 2
 resolved level # 2 :: 2 0 s= 1 j= 1 HeI_index= 3
 resolved level # 3 :: 2 1 s= 1 j= 1 HeI_index= 5
 load_rates::finished. # of resolved states: 4 Tg-points: 500

 load_rates::finished. # of resolved states: 4 Tg-points: 500

 load_rates::finished. # of resolved states: 4 Tg-points: 500

 load_rates::finished. # of resolved states: 4 Tg-points: 500

 Load_fcorr:: Loading correction factor for DPesc due to HI :
 /opt/cosmology-software/CosmoRec.v2.0.3b/./Development/Recombination/Data.fcorr/f.corr.dat
 Load_fcorr:: Loading correction factor for DPesc due to HI :
 /opt/cosmology-software/CosmoRec.v2.0.3b/./Development/Recombination/Data.fcorr/f.corr.dat
 Load_fcorr:: Number of redshift points: 40
 Load_fcorr:: Number of redshift points: 40


 Load_fcorr:: Loading correction factor for DPesc due to HI :
 /opt/cosmology-software/CosmoRec.v2.0.3b/./Development/Recombination/Data.fcorr/f.corr.dat
 Load_fcorr:: Number of redshift points: 40

 Load_fcorr:: Loading correction factor for DPesc due to HI :
 /opt/cosmology-software/CosmoRec.v2.0.3b/./Development/Recombination/Data.fcorr/f.corr.dat
 Load_fcorr:: Number of redshift points: 40


 ========================================================================================================== 
 || The first run was successful. Will now switch to 'silent' mode.
 ========================================================================================================== 

 ========================================================================================================== 
 || The first run was successful. Will now switch to 'silent' mode.
 ========================================================================================================== 

 ========================================================================================================== 
 || The first run was successful. Will now switch to 'silent' mode.
 ========================================================================================================== 

 ========================================================================================================== 
 || The first run was successful. Will now switch to 'silent' mode.
 ========================================================================================================== 
[1 : mcmc] Progress @ 2026-07-16 20:59:14 : 1 steps taken, and 18397 accepted.
[0 : mcmc] Progress @ 2026-07-16 20:59:14 : 1 steps taken, and 18397 accepted.
[3 : mcmc] Progress @ 2026-07-16 20:59:14 : 1 steps taken, and 18397 accepted.
[2 : mcmc] Progress @ 2026-07-16 20:59:14 : 1 steps taken, and 18397 accepted.
[2 : mcmc] Progress @ 2026-07-16 21:00:15 : 72 steps taken, and 18410 accepted.
[1 : mcmc] Progress @ 2026-07-16 21:00:15 : 71 steps taken, and 18409 accepted.
[0 : mcmc] Progress @ 2026-07-16 21:00:15 : 73 steps taken, and 18410 accepted.
[3 : mcmc] Progress @ 2026-07-16 21:00:16 : 89 steps taken, and 18412 accepted.
[1 : mcmc] Progress @ 2026-07-16 21:01:16 : 131 steps taken, and 18421 accepted.
[3 : mcmc] Progress @ 2026-07-16 21:01:18 : 156 steps taken, and 18425 accepted.
[2 : mcmc] Progress @ 2026-07-16 21:01:18 : 150 steps taken, and 18425 accepted.
[0 : mcmc] Progress @ 2026-07-16 21:01:19 : 155 steps taken, and 18425 accepted.
[2 : mcmc] Progress @ 2026-07-16 21:02:19 : 215 steps taken, and 18438 accepted.
[1 : mcmc] Progress @ 2026-07-16 21:02:20 : 217 steps taken, and 18436 accepted.
[0 : mcmc] Progress @ 2026-07-16 21:02:20 : 215 steps taken, and 18437 accepted.
[3 : mcmc] Progress @ 2026-07-16 21:02:22 : 231 steps taken, and 18439 accepted.
[2 : mcmc] Progress @ 2026-07-16 21:03:20 : 289 steps taken, and 18450 accepted.
[1 : mcmc] Progress @ 2026-07-16 21:03:21 : 284 steps taken, and 18449 accepted.
[3 : mcmc] Progress @ 2026-07-16 21:03:23 : 295 steps taken, and 18451 accepted.
[0 : mcmc] Progress @ 2026-07-16 21:03:26 : 275 steps taken, and 18448 accepted.
[2 : mcmc] Progress @ 2026-07-16 21:04:22 : 371 steps taken, and 18467 accepted.
[1 : mcmc] Progress @ 2026-07-16 21:04:23 : 359 steps taken, and 18464 accepted.
[3 : mcmc] Progress @ 2026-07-16 21:04:26 : 374 steps taken, and 18467 accepted.
[0 : mcmc] Progress @ 2026-07-16 21:04:30 : 365 steps taken, and 18466 accepted.
[2 : mcmc] Learn + convergence test @ 18480 samples accepted.
[2 : mcmc] Ready to check convergence and learn a new proposal covmat (waiting for the rest...)
[0 : mcmc] Learn + convergence test @ 18480 samples accepted.
[0 : mcmc] Ready to check convergence and learn a new proposal covmat (waiting for the rest...)
[2 : mcmc] Progress @ 2026-07-16 21:05:25 : 442 steps taken, and 18481 accepted.
[3 : mcmc] Progress @ 2026-07-16 21:05:27 : 436 steps taken, and 18476 accepted.
[1 : mcmc] Progress @ 2026-07-16 21:05:29 : 434 steps taken, and 18478 accepted.
[3 : mcmc] Learn + convergence test @ 18480 samples accepted.
[3 : mcmc] Ready to check convergence and learn a new proposal covmat (waiting for the rest...)
[1 : mcmc] Learn + convergence test @ 18480 samples accepted.
[1 : mcmc] Ready to check convergence and learn a new proposal covmat (waiting for the rest...)
[0 : mcmc] Progress @ 2026-07-16 21:05:36 : 443 steps taken, and 18481 accepted.
[0 : mcmc] All chains are ready to check convergence and learn a new proposal covmat
[0 : mcmc]  - Acceptance rate: 0.927 = avg([np.float64(0.9279975898774855), np.float64(0.9273384183059012), np.float64(0.9243924392439244), np.float64(0.9287437185929648)])
[0 : mcmc]  - Convergence of means: R-1 = 0.005005 after 73929 accepted steps = sum([np.int64(18482), np.int64(18480), np.int64(18485), np.int64(18482)])
[0 : mcmc]  - Updated covariance matrix of proposal pdf.
[2 : mcmc] Progress @ 2026-07-16 21:06:25 : 512 steps taken, and 18491 accepted.
[3 : mcmc] Progress @ 2026-07-16 21:06:27 : 502 steps taken, and 18490 accepted.
[1 : mcmc] Progress @ 2026-07-16 21:06:35 : 482 steps taken, and 18488 accepted.
[0 : mcmc] Progress @ 2026-07-16 21:06:39 : 496 steps taken, and 18492 accepted.
[2 : mcmc] Progress @ 2026-07-16 21:07:27 : 585 steps taken, and 18503 accepted.
[3 : mcmc] Progress @ 2026-07-16 21:07:29 : 572 steps taken, and 18501 accepted.
[1 : mcmc] Progress @ 2026-07-16 21:07:40 : 559 steps taken, and 18503 accepted.
[0 : mcmc] Progress @ 2026-07-16 21:07:43 : 564 steps taken, and 18506 accepted.
[2 : mcmc] Progress @ 2026-07-16 21:08:28 : 662 steps taken, and 18517 accepted.
[3 : mcmc] Progress @ 2026-07-16 21:08:32 : 650 steps taken, and 18514 accepted.
[1 : mcmc] Progress @ 2026-07-16 21:08:43 : 631 steps taken, and 18516 accepted.
[0 : mcmc] Progress @ 2026-07-16 21:08:46 : 637 steps taken, and 18520 accepted.
[2 : mcmc] Progress @ 2026-07-16 21:09:30 : 716 steps taken, and 18526 accepted.
[3 : mcmc] Progress @ 2026-07-16 21:09:34 : 713 steps taken, and 18527 accepted.
[1 : mcmc] Progress @ 2026-07-16 21:09:44 : 701 steps taken, and 18528 accepted.
[0 : mcmc] Progress @ 2026-07-16 21:09:47 : 713 steps taken, and 18534 accepted.
[2 : mcmc] Progress @ 2026-07-16 21:10:34 : 797 steps taken, and 18541 accepted.
[3 : mcmc] Progress @ 2026-07-16 21:10:40 : 783 steps taken, and 18540 accepted.
[1 : mcmc] Progress @ 2026-07-16 21:10:44 : 770 steps taken, and 18541 accepted.
[0 : mcmc] Progress @ 2026-07-16 21:10:48 : 781 steps taken, and 18548 accepted.
[2 : mcmc] Progress @ 2026-07-16 21:11:34 : 874 steps taken, and 18556 accepted.
[1 : mcmc] Progress @ 2026-07-16 21:11:46 : 844 steps taken, and 18553 accepted.
[3 : mcmc] Progress @ 2026-07-16 21:11:46 : 869 steps taken, and 18556 accepted.
[0 : mcmc] Progress @ 2026-07-16 21:11:50 : 856 steps taken, and 18563 accepted.
[2 : mcmc] Progress @ 2026-07-16 21:12:35 : 938 steps taken, and 18567 accepted.
[3 : mcmc] Progress @ 2026-07-16 21:12:47 : 950 steps taken, and 18571 accepted.
[1 : mcmc] Progress @ 2026-07-16 21:12:50 : 921 steps taken, and 18567 accepted.
[0 : mcmc] Progress @ 2026-07-16 21:12:53 : 925 steps taken, and 18576 accepted.
[2 : mcmc] Progress @ 2026-07-16 21:13:37 : 1003 steps taken, and 18579 accepted.
[3 : mcmc] Progress @ 2026-07-16 21:13:48 : 1012 steps taken, and 18582 accepted.
[1 : mcmc] Progress @ 2026-07-16 21:13:51 : 983 steps taken, and 18580 accepted.
[0 : mcmc] Progress @ 2026-07-16 21:13:54 : 997 steps taken, and 18589 accepted.
[2 : mcmc] Progress @ 2026-07-16 21:14:39 : 1085 steps taken, and 18595 accepted.
[3 : mcmc] Progress @ 2026-07-16 21:14:50 : 1069 steps taken, and 18591 accepted.
[1 : mcmc] Progress @ 2026-07-16 21:14:53 : 1060 steps taken, and 18594 accepted.
[0 : mcmc] Progress @ 2026-07-16 21:14:55 : 1066 steps taken, and 18601 accepted.
[2 : mcmc] Progress @ 2026-07-16 21:15:40 : 1160 steps taken, and 18610 accepted.
[3 : mcmc] Progress @ 2026-07-16 21:15:54 : 1163 steps taken, and 18609 accepted.
[0 : mcmc] Progress @ 2026-07-16 21:15:56 : 1128 steps taken, and 18612 accepted.
[1 : mcmc] Progress @ 2026-07-16 21:15:57 : 1133 steps taken, and 18608 accepted.
[2 : mcmc] Progress @ 2026-07-16 21:16:40 : 1222 steps taken, and 18622 accepted.
[3 : mcmc] Progress @ 2026-07-16 21:16:55 : 1223 steps taken, and 18620 accepted.
[1 : mcmc] Progress @ 2026-07-16 21:16:58 : 1208 steps taken, and 18622 accepted.
[0 : mcmc] Progress @ 2026-07-16 21:16:59 : 1215 steps taken, and 18629 accepted.
[2 : mcmc] Progress @ 2026-07-16 21:17:43 : 1298 steps taken, and 18636 accepted.
[3 : mcmc] Progress @ 2026-07-16 21:17:57 : 1302 steps taken, and 18636 accepted.
[1 : mcmc] Progress @ 2026-07-16 21:18:00 : 1281 steps taken, and 18635 accepted.
[0 : mcmc] Progress @ 2026-07-16 21:18:01 : 1281 steps taken, and 18642 accepted.
[2 : mcmc] Progress @ 2026-07-16 21:18:46 : 1370 steps taken, and 18651 accepted.
[3 : mcmc] Progress @ 2026-07-16 21:18:58 : 1372 steps taken, and 18648 accepted.
[0 : mcmc] Progress @ 2026-07-16 21:19:04 : 1357 steps taken, and 18658 accepted.
[1 : mcmc] Progress @ 2026-07-16 21:19:04 : 1368 steps taken, and 18649 accepted.
[2 : mcmc] Progress @ 2026-07-16 21:19:50 : 1452 steps taken, and 18666 accepted.
[3 : mcmc] Progress @ 2026-07-16 21:20:02 : 1452 steps taken, and 18663 accepted.
[0 : mcmc] Progress @ 2026-07-16 21:20:06 : 1437 steps taken, and 18673 accepted.
[1 : mcmc] Progress @ 2026-07-16 21:20:10 : 1430 steps taken, and 18659 accepted.
[2 : mcmc] Progress @ 2026-07-16 21:20:52 : 1532 steps taken, and 18682 accepted.
[3 : mcmc] Progress @ 2026-07-16 21:21:03 : 1518 steps taken, and 18676 accepted.
[0 : mcmc] Progress @ 2026-07-16 21:21:06 : 1502 steps taken, and 18686 accepted.
[1 : mcmc] Progress @ 2026-07-16 21:21:12 : 1509 steps taken, and 18672 accepted.
[2 : mcmc] Progress @ 2026-07-16 21:21:52 : 1594 steps taken, and 18693 accepted.
[3 : mcmc] Progress @ 2026-07-16 21:22:05 : 1595 steps taken, and 18690 accepted.
[0 : mcmc] Progress @ 2026-07-16 21:22:09 : 1571 steps taken, and 18698 accepted.
[1 : mcmc] Progress @ 2026-07-16 21:22:17 : 1593 steps taken, and 18687 accepted.
[2 : mcmc] Progress @ 2026-07-16 21:22:53 : 1674 steps taken, and 18709 accepted.
[3 : mcmc] Progress @ 2026-07-16 21:23:08 : 1670 steps taken, and 18705 accepted.
[0 : mcmc] Progress @ 2026-07-16 21:23:09 : 1645 steps taken, and 18711 accepted.
[1 : mcmc] Progress @ 2026-07-16 21:23:21 : 1650 steps taken, and 18697 accepted.
[0 : mcmc] Learn + convergence test @ 18720 samples accepted.
[0 : mcmc] Ready to check convergence and learn a new proposal covmat (waiting for the rest...)
[2 : mcmc] Progress @ 2026-07-16 21:23:54 : 1730 steps taken, and 18719 accepted.
[2 : mcmc] Learn + convergence test @ 18720 samples accepted.
[2 : mcmc] Ready to check convergence and learn a new proposal covmat (waiting for the rest...)
[0 : mcmc] Progress @ 2026-07-16 21:24:10 : 1712 steps taken, and 18724 accepted.
[3 : mcmc] Progress @ 2026-07-16 21:24:14 : 1739 steps taken, and 18717 accepted.
[3 : mcmc] Learn + convergence test @ 18720 samples accepted.
[3 : mcmc] Ready to check convergence and learn a new proposal covmat (waiting for the rest...)
[1 : mcmc] Progress @ 2026-07-16 21:24:24 : 1735 steps taken, and 18713 accepted.
[1 : mcmc] Learn + convergence test @ 18720 samples accepted.
[1 : mcmc] Ready to check convergence and learn a new proposal covmat (waiting for the rest...)
[2 : mcmc] Progress @ 2026-07-16 21:24:54 : 1796 steps taken, and 18732 accepted.
[0 : mcmc] All chains are ready to check convergence and learn a new proposal covmat
[0 : mcmc]  - Acceptance rate: 0.927 = avg([np.float64(0.9289113622843546), np.float64(0.9266409266409267), np.float64(0.9248617693522907), np.float64(0.92869892899643)])
[0 : mcmc]  - Convergence of means: R-1 = 0.004273 after 74920 accepted steps = sum([np.int64(18738), np.int64(18720), np.int64(18733), np.int64(18729)])
[0 : mcmc]  - Updated covariance matrix of proposal pdf.
[0 : mcmc] Progress @ 2026-07-16 21:25:12 : 1790 steps taken, and 18740 accepted.
[3 : mcmc] Progress @ 2026-07-16 21:25:19 : 1815 steps taken, and 18732 accepted.
[1 : mcmc] Progress @ 2026-07-16 21:25:27 : 1799 steps taken, and 18725 accepted.
[2 : mcmc] Progress @ 2026-07-16 21:25:57 : 1880 steps taken, and 18748 accepted.
[0 : mcmc] Progress @ 2026-07-16 21:26:12 : 1861 steps taken, and 18754 accepted.
[3 : mcmc] Progress @ 2026-07-16 21:26:22 : 1893 steps taken, and 18746 accepted.
[1 : mcmc] Progress @ 2026-07-16 21:26:28 : 1869 steps taken, and 18738 accepted.
[2 : mcmc] Progress @ 2026-07-16 21:27:01 : 1932 steps taken, and 18759 accepted.
[0 : mcmc] Progress @ 2026-07-16 21:27:14 : 1944 steps taken, and 18770 accepted.
[3 : mcmc] Progress @ 2026-07-16 21:27:23 : 1961 steps taken, and 18757 accepted.
[1 : mcmc] Progress @ 2026-07-16 21:27:30 : 1931 steps taken, and 18749 accepted.
[2 : mcmc] Progress @ 2026-07-16 21:28:05 : 2017 steps taken, and 18775 accepted.
[0 : mcmc] Progress @ 2026-07-16 21:28:18 : 2010 steps taken, and 18781 accepted.
[3 : mcmc] Progress @ 2026-07-16 21:28:25 : 2026 steps taken, and 18770 accepted.
[1 : mcmc] Progress @ 2026-07-16 21:28:30 : 2013 steps taken, and 18766 accepted.
[2 : mcmc] Progress @ 2026-07-16 21:29:09 : 2103 steps taken, and 18791 accepted.
[0 : mcmc] Progress @ 2026-07-16 21:29:18 : 2085 steps taken, and 18797 accepted.
[3 : mcmc] Progress @ 2026-07-16 21:29:29 : 2114 steps taken, and 18786 accepted.
[1 : mcmc] Progress @ 2026-07-16 21:29:34 : 2097 steps taken, and 18782 accepted.
[2 : mcmc] Progress @ 2026-07-16 21:30:09 : 2164 steps taken, and 18803 accepted.
[0 : mcmc] Progress @ 2026-07-16 21:30:21 : 2147 steps taken, and 18808 accepted.
[3 : mcmc] Progress @ 2026-07-16 21:30:32 : 2189 steps taken, and 18799 accepted.
[1 : mcmc] Progress @ 2026-07-16 21:30:34 : 2162 steps taken, and 18795 accepted.
[2 : mcmc] Progress @ 2026-07-16 21:31:11 : 2238 steps taken, and 18818 accepted.
[0 : mcmc] Progress @ 2026-07-16 21:31:21 : 2222 steps taken, and 18823 accepted.
[3 : mcmc] Progress @ 2026-07-16 21:31:33 : 2262 steps taken, and 18813 accepted.
[1 : mcmc] Progress @ 2026-07-16 21:31:36 : 2236 steps taken, and 18808 accepted.
[2 : mcmc] Progress @ 2026-07-16 21:32:13 : 2321 steps taken, and 18834 accepted.
[0 : mcmc] Progress @ 2026-07-16 21:32:25 : 2302 steps taken, and 18836 accepted.
[3 : mcmc] Progress @ 2026-07-16 21:32:34 : 2325 steps taken, and 18825 accepted.
[1 : mcmc] Progress @ 2026-07-16 21:32:37 : 2297 steps taken, and 18821 accepted.
[2 : mcmc] Progress @ 2026-07-16 21:33:14 : 2374 steps taken, and 18845 accepted.
[0 : mcmc] Progress @ 2026-07-16 21:33:26 : 2370 steps taken, and 18849 accepted.
[3 : mcmc] Progress @ 2026-07-16 21:33:39 : 2424 steps taken, and 18841 accepted.
[1 : mcmc] Progress @ 2026-07-16 21:33:41 : 2372 steps taken, and 18834 accepted.
[2 : mcmc] Progress @ 2026-07-16 21:34:15 : 2446 steps taken, and 18859 accepted.
[0 : mcmc] Progress @ 2026-07-16 21:34:28 : 2438 steps taken, and 18862 accepted.
[1 : mcmc] Progress @ 2026-07-16 21:34:41 : 2444 steps taken, and 18848 accepted.
[3 : mcmc] Progress @ 2026-07-16 21:34:44 : 2479 steps taken, and 18852 accepted.
[2 : mcmc] Progress @ 2026-07-16 21:35:17 : 2526 steps taken, and 18874 accepted.
[0 : mcmc] Progress @ 2026-07-16 21:35:29 : 2522 steps taken, and 18877 accepted.
[1 : mcmc] Progress @ 2026-07-16 21:35:44 : 2524 steps taken, and 18862 accepted.
[3 : mcmc] Progress @ 2026-07-16 21:35:46 : 2560 steps taken, and 18868 accepted.
[2 : mcmc] Progress @ 2026-07-16 21:36:17 : 2593 steps taken, and 18883 accepted.
[0 : mcmc] Progress @ 2026-07-16 21:36:31 : 2592 steps taken, and 18890 accepted.
[1 : mcmc] Progress @ 2026-07-16 21:36:44 : 2588 steps taken, and 18874 accepted.
[3 : mcmc] Progress @ 2026-07-16 21:36:47 : 2631 steps taken, and 18882 accepted.
[2 : mcmc] Progress @ 2026-07-16 21:37:18 : 2671 steps taken, and 18899 accepted.
[0 : mcmc] Progress @ 2026-07-16 21:37:33 : 2665 steps taken, and 18903 accepted.
[1 : mcmc] Progress @ 2026-07-16 21:37:47 : 2659 steps taken, and 18889 accepted.
[3 : mcmc] Progress @ 2026-07-16 21:37:51 : 2704 steps taken, and 18893 accepted.
[2 : mcmc] Progress @ 2026-07-16 21:38:23 : 2747 steps taken, and 18914 accepted.
[0 : mcmc] Progress @ 2026-07-16 21:38:34 : 2730 steps taken, and 18914 accepted.
[1 : mcmc] Progress @ 2026-07-16 21:38:48 : 2734 steps taken, and 18900 accepted.
[3 : mcmc] Progress @ 2026-07-16 21:38:51 : 2768 steps taken, and 18906 accepted.
[2 : mcmc] Progress @ 2026-07-16 21:39:27 : 2828 steps taken, and 18928 accepted.
[0 : mcmc] Progress @ 2026-07-16 21:39:35 : 2801 steps taken, and 18927 accepted.
[1 : mcmc] Progress @ 2026-07-16 21:39:50 : 2805 steps taken, and 18914 accepted.
[3 : mcmc] Progress @ 2026-07-16 21:39:52 : 2838 steps taken, and 18919 accepted.
[2 : mcmc] Progress @ 2026-07-16 21:40:27 : 2897 steps taken, and 18940 accepted.
[0 : mcmc] Progress @ 2026-07-16 21:40:38 : 2879 steps taken, and 18943 accepted.
[1 : mcmc] Progress @ 2026-07-16 21:40:51 : 2872 steps taken, and 18926 accepted.
[3 : mcmc] Progress @ 2026-07-16 21:40:53 : 2928 steps taken, and 18935 accepted.
[2 : mcmc] Progress @ 2026-07-16 21:41:31 : 2961 steps taken, and 18950 accepted.
[0 : mcmc] Progress @ 2026-07-16 21:41:39 : 2946 steps taken, and 18956 accepted.
[1 : mcmc] Progress @ 2026-07-16 21:41:52 : 2945 steps taken, and 18940 accepted.
[3 : mcmc] Progress @ 2026-07-16 21:41:57 : 3004 steps taken, and 18949 accepted.
[0 : mcmc] Learn + convergence test @ 18960 samples accepted.
[0 : mcmc] Ready to check convergence and learn a new proposal covmat (waiting for the rest...)
[2 : mcmc] Learn + convergence test @ 18960 samples accepted.
[2 : mcmc] Ready to check convergence and learn a new proposal covmat (waiting for the rest...)
[2 : mcmc] Progress @ 2026-07-16 21:42:36 : 3054 steps taken, and 18969 accepted.
[3 : mcmc] Learn + convergence test @ 18960 samples accepted.
[3 : mcmc] Ready to check convergence and learn a new proposal covmat (waiting for the rest...)
[0 : mcmc] Progress @ 2026-07-16 21:42:42 : 3032 steps taken, and 18972 accepted.
[1 : mcmc] Progress @ 2026-07-16 21:42:52 : 3015 steps taken, and 18953 accepted.
[3 : mcmc] Progress @ 2026-07-16 21:42:57 : 3072 steps taken, and 18962 accepted.
[1 : mcmc] Learn + convergence test @ 18960 samples accepted.
[1 : mcmc] Ready to check convergence and learn a new proposal covmat (waiting for the rest...)
[0 : mcmc] All chains are ready to check convergence and learn a new proposal covmat
[0 : mcmc]  - Acceptance rate: 0.927 = avg([np.float64(0.9291307752545027), np.float64(0.9265956406998338), np.float64(0.9254095163806553), np.float64(0.9285434612372748)])
[0 : mcmc]  - Convergence of means: R-1 = 0.004177 after 75895 accepted steps = sum([np.int64(18983), np.int64(18960), np.int64(18981), np.int64(18971)])
[0 : mcmc]  - Updated covariance matrix of proposal pdf.
[2 : mcmc] Progress @ 2026-07-16 21:43:40 : 3116 steps taken, and 18981 accepted.
[0 : mcmc] Progress @ 2026-07-16 21:43:44 : 3090 steps taken, and 18983 accepted.
[3 : mcmc] Progress @ 2026-07-16 21:43:58 : 3149 steps taken, and 18976 accepted.
[1 : mcmc] Progress @ 2026-07-16 21:43:58 : 3086 steps taken, and 18965 accepted.
[2 : mcmc] Progress @ 2026-07-16 21:44:40 : 3187 steps taken, and 18995 accepted.
[0 : mcmc] Progress @ 2026-07-16 21:44:46 : 3162 steps taken, and 18995 accepted.
[3 : mcmc] Progress @ 2026-07-16 21:45:01 : 3221 steps taken, and 18989 accepted.
[1 : mcmc] Progress @ 2026-07-16 21:45:03 : 3161 steps taken, and 18978 accepted.
[2 : mcmc] Progress @ 2026-07-16 21:45:41 : 3258 steps taken, and 19008 accepted.
[0 : mcmc] Progress @ 2026-07-16 21:45:47 : 3233 steps taken, and 19007 accepted.
[3 : mcmc] Progress @ 2026-07-16 21:46:02 : 3285 steps taken, and 19000 accepted.
[1 : mcmc] Progress @ 2026-07-16 21:46:09 : 3248 steps taken, and 18994 accepted.
[2 : mcmc] Progress @ 2026-07-16 21:46:42 : 3328 steps taken, and 19020 accepted.
[0 : mcmc] Progress @ 2026-07-16 21:46:49 : 3311 steps taken, and 19023 accepted.
[3 : mcmc] Progress @ 2026-07-16 21:47:03 : 3351 steps taken, and 19010 accepted.
[1 : mcmc] Progress @ 2026-07-16 21:47:09 : 3301 steps taken, and 19001 accepted.
[2 : mcmc] Progress @ 2026-07-16 21:47:46 : 3396 steps taken, and 19034 accepted.
[0 : mcmc] Progress @ 2026-07-16 21:47:50 : 3380 steps taken, and 19036 accepted.
[3 : mcmc] Progress @ 2026-07-16 21:48:07 : 3443 steps taken, and 19027 accepted.
[1 : mcmc] Progress @ 2026-07-16 21:48:11 : 3368 steps taken, and 19015 accepted.
[2 : mcmc] Progress @ 2026-07-16 21:48:46 : 3467 steps taken, and 19047 accepted.
[0 : mcmc] Progress @ 2026-07-16 21:48:53 : 3453 steps taken, and 19048 accepted.
[3 : mcmc] Progress @ 2026-07-16 21:49:08 : 3501 steps taken, and 19038 accepted.
[1 : mcmc] Progress @ 2026-07-16 21:49:12 : 3467 steps taken, and 19033 accepted.
[2 : mcmc] Progress @ 2026-07-16 21:49:48 : 3547 steps taken, and 19062 accepted.
[0 : mcmc] Progress @ 2026-07-16 21:49:53 : 3521 steps taken, and 19058 accepted.
[3 : mcmc] Progress @ 2026-07-16 21:50:13 : 3567 steps taken, and 19049 accepted.
[1 : mcmc] Progress @ 2026-07-16 21:50:17 : 3530 steps taken, and 19045 accepted.
[2 : mcmc] Progress @ 2026-07-16 21:50:51 : 3613 steps taken, and 19075 accepted.
[0 : mcmc] Progress @ 2026-07-16 21:50:56 : 3593 steps taken, and 19071 accepted.
[3 : mcmc] Progress @ 2026-07-16 21:51:15 : 3655 steps taken, and 19066 accepted.
[1 : mcmc] Progress @ 2026-07-16 21:51:18 : 3590 steps taken, and 19056 accepted.
[2 : mcmc] Progress @ 2026-07-16 21:51:51 : 3685 steps taken, and 19086 accepted.
[0 : mcmc] Progress @ 2026-07-16 21:51:58 : 3671 steps taken, and 19087 accepted.
[3 : mcmc] Progress @ 2026-07-16 21:52:15 : 3714 steps taken, and 19077 accepted.
[1 : mcmc] Progress @ 2026-07-16 21:52:18 : 3662 steps taken, and 19069 accepted.
[2 : mcmc] Progress @ 2026-07-16 21:52:52 : 3749 steps taken, and 19099 accepted.
[0 : mcmc] Progress @ 2026-07-16 21:52:59 : 3741 steps taken, and 19099 accepted.
[3 : mcmc] Progress @ 2026-07-16 21:53:17 : 3806 steps taken, and 19094 accepted.
[1 : mcmc] Progress @ 2026-07-16 21:53:22 : 3764 steps taken, and 19087 accepted.
[2 : mcmc] Progress @ 2026-07-16 21:53:56 : 3832 steps taken, and 19115 accepted.
[0 : mcmc] Progress @ 2026-07-16 21:54:00 : 3815 steps taken, and 19113 accepted.
[3 : mcmc] Progress @ 2026-07-16 21:54:18 : 3866 steps taken, and 19106 accepted.
[1 : mcmc] Progress @ 2026-07-16 21:54:23 : 3826 steps taken, and 19099 accepted.
[2 : mcmc] Progress @ 2026-07-16 21:54:56 : 3901 steps taken, and 19129 accepted.
[0 : mcmc] Progress @ 2026-07-16 21:55:02 : 3890 steps taken, and 19127 accepted.
[3 : mcmc] Progress @ 2026-07-16 21:55:21 : 3941 steps taken, and 19121 accepted.
[1 : mcmc] Progress @ 2026-07-16 21:55:24 : 3900 steps taken, and 19113 accepted.
[2 : mcmc] Progress @ 2026-07-16 21:55:57 : 3969 steps taken, and 19141 accepted.
[0 : mcmc] Progress @ 2026-07-16 21:56:03 : 3952 steps taken, and 19139 accepted.
[3 : mcmc] Progress @ 2026-07-16 21:56:22 : 4018 steps taken, and 19136 accepted.
[1 : mcmc] Progress @ 2026-07-16 21:56:24 : 3965 steps taken, and 19125 accepted.
[2 : mcmc] Progress @ 2026-07-16 21:56:57 : 4041 steps taken, and 19155 accepted.
[0 : mcmc] Progress @ 2026-07-16 21:57:05 : 4029 steps taken, and 19153 accepted.
[3 : mcmc] Progress @ 2026-07-16 21:57:22 : 4088 steps taken, and 19150 accepted.
[1 : mcmc] Progress @ 2026-07-16 21:57:27 : 4040 steps taken, and 19140 accepted.
[2 : mcmc] Progress @ 2026-07-16 21:58:03 : 4107 steps taken, and 19166 accepted.
[0 : mcmc] Progress @ 2026-07-16 21:58:07 : 4099 steps taken, and 19166 accepted.
[3 : mcmc] Progress @ 2026-07-16 21:58:25 : 4150 steps taken, and 19162 accepted.
[1 : mcmc] Progress @ 2026-07-16 21:58:29 : 4124 steps taken, and 19156 accepted.
[2 : mcmc] Progress @ 2026-07-16 21:59:03 : 4178 steps taken, and 19179 accepted.
[0 : mcmc] Progress @ 2026-07-16 21:59:08 : 4169 steps taken, and 19177 accepted.
[3 : mcmc] Progress @ 2026-07-16 21:59:25 : 4225 steps taken, and 19177 accepted.
[1 : mcmc] Progress @ 2026-07-16 21:59:29 : 4201 steps taken, and 19170 accepted.
[2 : mcmc] Progress @ 2026-07-16 22:00:04 : 4246 steps taken, and 19192 accepted.
[0 : mcmc] Progress @ 2026-07-16 22:00:12 : 4245 steps taken, and 19193 accepted.
[3 : mcmc] Progress @ 2026-07-16 22:00:29 : 4299 steps taken, and 19190 accepted.
[2 : mcmc] Learn + convergence test @ 19200 samples accepted.
[2 : mcmc] Ready to check convergence and learn a new proposal covmat (waiting for the rest...)
[0 : mcmc] Learn + convergence test @ 19200 samples accepted.
[0 : mcmc] Ready to check convergence and learn a new proposal covmat (waiting for the rest...)
[1 : mcmc] Progress @ 2026-07-16 22:00:32 : 4270 steps taken, and 19184 accepted.
[2 : mcmc] Progress @ 2026-07-16 22:01:04 : 4321 steps taken, and 19207 accepted.
[0 : mcmc] Progress @ 2026-07-16 22:01:12 : 4315 steps taken, and 19206 accepted.
[3 : mcmc] Learn + convergence test @ 19200 samples accepted.
[3 : mcmc] Ready to check convergence and learn a new proposal covmat (waiting for the rest...)
[3 : mcmc] Progress @ 2026-07-16 22:01:29 : 4369 steps taken, and 19202 accepted.
[1 : mcmc] Progress @ 2026-07-16 22:01:32 : 4345 steps taken, and 19198 accepted.
[1 : mcmc] Learn + convergence test @ 19200 samples accepted.
[1 : mcmc] Ready to check convergence and learn a new proposal covmat (waiting for the rest...)
[0 : mcmc] All chains are ready to check convergence and learn a new proposal covmat
[0 : mcmc]  - Acceptance rate: 0.928 = avg([np.float64(0.9292069632495165), np.float64(0.926730379380249), np.float64(0.9259009443052612), np.float64(0.9282883927708514)])
[0 : mcmc]  - Convergence of means: R-1 = 0.005145 after 76841 accepted steps = sum([np.int64(19215), np.int64(19200), np.int64(19217), np.int64(19209)])
[0 : mcmc]  - Updated covariance matrix of proposal pdf.
[2 : mcmc] Progress @ 2026-07-16 22:02:08 : 4387 steps taken, and 19219 accepted.
[0 : mcmc] Progress @ 2026-07-16 22:02:13 : 4385 steps taken, and 19219 accepted.
[1 : mcmc] Progress @ 2026-07-16 22:02:33 : 4397 steps taken, and 19207 accepted.
[3 : mcmc] Progress @ 2026-07-16 22:02:34 : 4458 steps taken, and 19220 accepted.
[2 : mcmc] Progress @ 2026-07-16 22:03:12 : 4472 steps taken, and 19236 accepted.
[0 : mcmc] Progress @ 2026-07-16 22:03:15 : 4456 steps taken, and 19232 accepted.
[1 : mcmc] Progress @ 2026-07-16 22:03:35 : 4456 steps taken, and 19218 accepted.
[3 : mcmc] Progress @ 2026-07-16 22:03:36 : 4525 steps taken, and 19232 accepted.
[2 : mcmc] Progress @ 2026-07-16 22:04:12 : 4531 steps taken, and 19248 accepted.
[0 : mcmc] Progress @ 2026-07-16 22:04:16 : 4528 steps taken, and 19245 accepted.
[1 : mcmc] Progress @ 2026-07-16 22:04:36 : 4531 steps taken, and 19229 accepted.
[3 : mcmc] Progress @ 2026-07-16 22:04:37 : 4600 steps taken, and 19244 accepted.
[2 : mcmc] Progress @ 2026-07-16 22:05:13 : 4611 steps taken, and 19262 accepted.
[0 : mcmc] Progress @ 2026-07-16 22:05:16 : 4590 steps taken, and 19258 accepted.
[3 : mcmc] Progress @ 2026-07-16 22:05:37 : 4668 steps taken, and 19256 accepted.
[1 : mcmc] Progress @ 2026-07-16 22:05:39 : 4616 steps taken, and 19246 accepted.
[2 : mcmc] Progress @ 2026-07-16 22:06:14 : 4680 steps taken, and 19276 accepted.
[0 : mcmc] Progress @ 2026-07-16 22:06:17 : 4661 steps taken, and 19271 accepted.
[3 : mcmc] Progress @ 2026-07-16 22:06:38 : 4737 steps taken, and 19271 accepted.
[1 : mcmc] Progress @ 2026-07-16 22:06:41 : 4689 steps taken, and 19260 accepted.
[2 : mcmc] Progress @ 2026-07-16 22:07:14 : 4747 steps taken, and 19287 accepted.
[0 : mcmc] Progress @ 2026-07-16 22:07:21 : 4746 steps taken, and 19284 accepted.
[3 : mcmc] Progress @ 2026-07-16 22:07:40 : 4817 steps taken, and 19286 accepted.
[1 : mcmc] Progress @ 2026-07-16 22:07:46 : 4755 steps taken, and 19272 accepted.
[2 : mcmc] Progress @ 2026-07-16 22:08:19 : 4830 steps taken, and 19304 accepted.
[0 : mcmc] Progress @ 2026-07-16 22:08:21 : 4810 steps taken, and 19296 accepted.
[3 : mcmc] Progress @ 2026-07-16 22:08:42 : 4885 steps taken, and 19297 accepted.
[1 : mcmc] Progress @ 2026-07-16 22:08:49 : 4835 steps taken, and 19288 accepted.
[2 : mcmc] Progress @ 2026-07-16 22:09:20 : 4898 steps taken, and 19315 accepted.
[0 : mcmc] Progress @ 2026-07-16 22:09:25 : 4889 steps taken, and 19311 accepted.
[3 : mcmc] Progress @ 2026-07-16 22:09:43 : 4956 steps taken, and 19310 accepted.
[1 : mcmc] Progress @ 2026-07-16 22:09:51 : 4910 steps taken, and 19303 accepted.
[2 : mcmc] Progress @ 2026-07-16 22:10:21 : 4970 steps taken, and 19329 accepted.
[0 : mcmc] Progress @ 2026-07-16 22:10:27 : 4960 steps taken, and 19325 accepted.
[3 : mcmc] Progress @ 2026-07-16 22:10:43 : 5034 steps taken, and 19325 accepted.
[1 : mcmc] Progress @ 2026-07-16 22:10:52 : 4985 steps taken, and 19318 accepted.
[2 : mcmc] Progress @ 2026-07-16 22:11:24 : 5043 steps taken, and 19343 accepted.
[0 : mcmc] Progress @ 2026-07-16 22:11:27 : 5025 steps taken, and 19337 accepted.
[3 : mcmc] Progress @ 2026-07-16 22:11:44 : 5093 steps taken, and 19335 accepted.
[1 : mcmc] Progress @ 2026-07-16 22:11:55 : 5055 steps taken, and 19332 accepted.
[2 : mcmc] Progress @ 2026-07-16 22:12:25 : 5120 steps taken, and 19355 accepted.
[0 : mcmc] Progress @ 2026-07-16 22:12:29 : 5106 steps taken, and 19351 accepted.
[3 : mcmc] Progress @ 2026-07-16 22:12:47 : 5180 steps taken, and 19347 accepted.
[1 : mcmc] Progress @ 2026-07-16 22:12:56 : 5122 steps taken, and 19345 accepted.
[2 : mcmc] Progress @ 2026-07-16 22:13:26 : 5185 steps taken, and 19367 accepted.
[0 : mcmc] Progress @ 2026-07-16 22:13:31 : 5183 steps taken, and 19366 accepted.
[3 : mcmc] Progress @ 2026-07-16 22:13:48 : 5235 steps taken, and 19357 accepted.
[1 : mcmc] Progress @ 2026-07-16 22:13:58 : 5193 steps taken, and 19359 accepted.
[2 : mcmc] Progress @ 2026-07-16 22:14:29 : 5271 steps taken, and 19382 accepted.
[0 : mcmc] Progress @ 2026-07-16 22:14:32 : 5253 steps taken, and 19380 accepted.
[3 : mcmc] Progress @ 2026-07-16 22:14:48 : 5314 steps taken, and 19372 accepted.
[1 : mcmc] Progress @ 2026-07-16 22:15:04 : 5277 steps taken, and 19374 accepted.
[2 : mcmc] Progress @ 2026-07-16 22:15:31 : 5342 steps taken, and 19393 accepted.
[0 : mcmc] Progress @ 2026-07-16 22:15:36 : 5332 steps taken, and 19394 accepted.
[3 : mcmc] Progress @ 2026-07-16 22:15:49 : 5382 steps taken, and 19386 accepted.
[1 : mcmc] Progress @ 2026-07-16 22:16:07 : 5345 steps taken, and 19386 accepted.
[2 : mcmc] Progress @ 2026-07-16 22:16:32 : 5408 steps taken, and 19405 accepted.
[0 : mcmc] Progress @ 2026-07-16 22:16:36 : 5399 steps taken, and 19407 accepted.
[3 : mcmc] Progress @ 2026-07-16 22:16:52 : 5464 steps taken, and 19401 accepted.
[1 : mcmc] Progress @ 2026-07-16 22:17:11 : 5425 steps taken, and 19400 accepted.
[2 : mcmc] Progress @ 2026-07-16 22:17:34 : 5482 steps taken, and 19419 accepted.
[0 : mcmc] Progress @ 2026-07-16 22:17:39 : 5469 steps taken, and 19421 accepted.
[3 : mcmc] Progress @ 2026-07-16 22:17:54 : 5535 steps taken, and 19415 accepted.
[1 : mcmc] Progress @ 2026-07-16 22:18:13 : 5495 steps taken, and 19414 accepted.
[2 : mcmc] Progress @ 2026-07-16 22:18:38 : 5553 steps taken, and 19434 accepted.
[0 : mcmc] Progress @ 2026-07-16 22:18:39 : 5543 steps taken, and 19434 accepted.
[3 : mcmc] Progress @ 2026-07-16 22:18:56 : 5603 steps taken, and 19428 accepted.
[2 : mcmc] Learn + convergence test @ 19440 samples accepted.
[2 : mcmc] Ready to check convergence and learn a new proposal covmat (waiting for the rest...)
[0 : mcmc] Learn + convergence test @ 19440 samples accepted.
[0 : mcmc] Ready to check convergence and learn a new proposal covmat (waiting for the rest...)
[1 : mcmc] Progress @ 2026-07-16 22:19:14 : 5564 steps taken, and 19426 accepted.
[3 : mcmc] Learn + convergence test @ 19440 samples accepted.
[3 : mcmc] Ready to check convergence and learn a new proposal covmat (waiting for the rest...)
[0 : mcmc] Progress @ 2026-07-16 22:19:40 : 5607 steps taken, and 19447 accepted.
[2 : mcmc] Progress @ 2026-07-16 22:19:43 : 5625 steps taken, and 19448 accepted.
[3 : mcmc] Progress @ 2026-07-16 22:19:58 : 5675 steps taken, and 19442 accepted.
[1 : mcmc] Learn + convergence test @ 19440 samples accepted.
[1 : mcmc] Ready to check convergence and learn a new proposal covmat (waiting for the rest...)
[0 : mcmc] All chains are ready to check convergence and learn a new proposal covmat
[0 : mcmc]  - Acceptance rate: 0.928 = avg([np.float64(0.9290488922841864), np.float64(0.9272154917485452), np.float64(0.9261304140885293), np.float64(0.9281282809964685)])
[0 : mcmc]  - Convergence of means: R-1 = 0.004451 after 77803 accepted steps = sum([np.int64(19458), np.int64(19440), np.int64(19457), np.int64(19448)])
[0 : mcmc]  - Updated covariance matrix of proposal pdf.
[1 : mcmc] Progress @ 2026-07-16 22:20:22 : 5629 steps taken, and 19440 accepted.
[0 : mcmc] Progress @ 2026-07-16 22:20:42 : 5682 steps taken, and 19461 accepted.
[2 : mcmc] Progress @ 2026-07-16 22:20:48 : 5686 steps taken, and 19461 accepted.
[3 : mcmc] Progress @ 2026-07-16 22:21:03 : 5748 steps taken, and 19457 accepted.
[1 : mcmc] Progress @ 2026-07-16 22:21:24 : 5708 steps taken, and 19453 accepted.
[0 : mcmc] Progress @ 2026-07-16 22:21:44 : 5755 steps taken, and 19474 accepted.
[2 : mcmc] Progress @ 2026-07-16 22:21:52 : 5768 steps taken, and 19476 accepted.
[3 : mcmc] Progress @ 2026-07-16 22:22:04 : 5810 steps taken, and 19468 accepted.
[1 : mcmc] Progress @ 2026-07-16 22:22:30 : 5778 steps taken, and 19466 accepted.
[0 : mcmc] Progress @ 2026-07-16 22:22:44 : 5825 steps taken, and 19486 accepted.
[2 : mcmc] Progress @ 2026-07-16 22:22:53 : 5840 steps taken, and 19487 accepted.
[3 : mcmc] Progress @ 2026-07-16 22:23:04 : 5879 steps taken, and 19481 accepted.
[1 : mcmc] Progress @ 2026-07-16 22:23:33 : 5851 steps taken, and 19476 accepted.
[0 : mcmc] Progress @ 2026-07-16 22:23:45 : 5896 steps taken, and 19499 accepted.
[2 : mcmc] Progress @ 2026-07-16 22:23:55 : 5911 steps taken, and 19500 accepted.
[3 : mcmc] Progress @ 2026-07-16 22:24:08 : 5958 steps taken, and 19495 accepted.
[1 : mcmc] Progress @ 2026-07-16 22:24:35 : 5928 steps taken, and 19490 accepted.
[0 : mcmc] Progress @ 2026-07-16 22:24:46 : 5974 steps taken, and 19514 accepted.
[2 : mcmc] Progress @ 2026-07-16 22:24:56 : 5992 steps taken, and 19516 accepted.
[3 : mcmc] Progress @ 2026-07-16 22:25:08 : 6029 steps taken, and 19507 accepted.
[1 : mcmc] Progress @ 2026-07-16 22:25:40 : 5995 steps taken, and 19504 accepted.
[0 : mcmc] Progress @ 2026-07-16 22:25:50 : 6041 steps taken, and 19526 accepted.
[2 : mcmc] Progress @ 2026-07-16 22:25:58 : 6074 steps taken, and 19532 accepted.
[3 : mcmc] Progress @ 2026-07-16 22:26:09 : 6087 steps taken, and 19518 accepted.
[1 : mcmc] Progress @ 2026-07-16 22:26:44 : 6080 steps taken, and 19520 accepted.
[0 : mcmc] Progress @ 2026-07-16 22:26:50 : 6119 steps taken, and 19541 accepted.
[2 : mcmc] Progress @ 2026-07-16 22:26:59 : 6124 steps taken, and 19541 accepted.
[3 : mcmc] Progress @ 2026-07-16 22:27:12 : 6166 steps taken, and 19532 accepted.
[1 : mcmc] Progress @ 2026-07-16 22:27:46 : 6149 steps taken, and 19534 accepted.
[0 : mcmc] Progress @ 2026-07-16 22:27:52 : 6187 steps taken, and 19553 accepted.
[2 : mcmc] Progress @ 2026-07-16 22:28:00 : 6204 steps taken, and 19554 accepted.
[3 : mcmc] Progress @ 2026-07-16 22:28:14 : 6248 steps taken, and 19548 accepted.
[1 : mcmc] Progress @ 2026-07-16 22:28:48 : 6223 steps taken, and 19547 accepted.
[0 : mcmc] Progress @ 2026-07-16 22:28:56 : 6260 steps taken, and 19567 accepted.
[2 : mcmc] Progress @ 2026-07-16 22:29:03 : 6276 steps taken, and 19567 accepted.
[3 : mcmc] Progress @ 2026-07-16 22:29:16 : 6331 steps taken, and 19563 accepted.
[1 : mcmc] Progress @ 2026-07-16 22:29:50 : 6296 steps taken, and 19561 accepted.
[0 : mcmc] Progress @ 2026-07-16 22:29:56 : 6332 steps taken, and 19580 accepted.
[2 : mcmc] Progress @ 2026-07-16 22:30:03 : 6344 steps taken, and 19579 accepted.
[3 : mcmc] Progress @ 2026-07-16 22:30:21 : 6392 steps taken, and 19574 accepted.
[1 : mcmc] Progress @ 2026-07-16 22:30:50 : 6368 steps taken, and 19575 accepted.
[0 : mcmc] Progress @ 2026-07-16 22:30:58 : 6416 steps taken, and 19597 accepted.
[2 : mcmc] Progress @ 2026-07-16 22:31:07 : 6422 steps taken, and 19592 accepted.
[3 : mcmc] Progress @ 2026-07-16 22:31:22 : 6453 steps taken, and 19586 accepted.
[1 : mcmc] Progress @ 2026-07-16 22:31:51 : 6434 steps taken, and 19585 accepted.
[0 : mcmc] Progress @ 2026-07-16 22:32:04 : 6477 steps taken, and 19609 accepted.
[2 : mcmc] Progress @ 2026-07-16 22:32:08 : 6495 steps taken, and 19606 accepted.
[3 : mcmc] Progress @ 2026-07-16 22:32:25 : 6535 steps taken, and 19601 accepted.
[1 : mcmc] Progress @ 2026-07-16 22:32:55 : 6511 steps taken, and 19600 accepted.
[0 : mcmc] Progress @ 2026-07-16 22:33:07 : 6560 steps taken, and 19624 accepted.
[2 : mcmc] Progress @ 2026-07-16 22:33:10 : 6566 steps taken, and 19621 accepted.
[3 : mcmc] Progress @ 2026-07-16 22:33:27 : 6616 steps taken, and 19617 accepted.
[1 : mcmc] Progress @ 2026-07-16 22:34:00 : 6588 steps taken, and 19613 accepted.
[0 : mcmc] Progress @ 2026-07-16 22:34:08 : 6627 steps taken, and 19637 accepted.
[2 : mcmc] Progress @ 2026-07-16 22:34:11 : 6640 steps taken, and 19635 accepted.
[3 : mcmc] Progress @ 2026-07-16 22:34:28 : 6665 steps taken, and 19625 accepted.
[1 : mcmc] Progress @ 2026-07-16 22:35:04 : 6671 steps taken, and 19628 accepted.
[0 : mcmc] Progress @ 2026-07-16 22:35:10 : 6704 steps taken, and 19651 accepted.
[2 : mcmc] Progress @ 2026-07-16 22:35:11 : 6711 steps taken, and 19649 accepted.
[3 : mcmc] Progress @ 2026-07-16 22:35:28 : 6749 steps taken, and 19640 accepted.
[1 : mcmc] Progress @ 2026-07-16 22:36:04 : 6739 steps taken, and 19642 accepted.
[0 : mcmc] Progress @ 2026-07-16 22:36:11 : 6775 steps taken, and 19665 accepted.
[2 : mcmc] Progress @ 2026-07-16 22:36:13 : 6789 steps taken, and 19663 accepted.
[3 : mcmc] Progress @ 2026-07-16 22:36:28 : 6832 steps taken, and 19654 accepted.
[1 : mcmc] Progress @ 2026-07-16 22:37:05 : 6798 steps taken, and 19654 accepted.
[0 : mcmc] Progress @ 2026-07-16 22:37:11 : 6839 steps taken, and 19677 accepted.
[2 : mcmc] Progress @ 2026-07-16 22:37:16 : 6858 steps taken, and 19675 accepted.
[0 : mcmc] Learn + convergence test @ 19680 samples accepted.
[0 : mcmc] Ready to check convergence and learn a new proposal covmat (waiting for the rest...)
[3 : mcmc] Progress @ 2026-07-16 22:37:34 : 6895 steps taken, and 19666 accepted.
[2 : mcmc] Learn + convergence test @ 19680 samples accepted.
[2 : mcmc] Ready to check convergence and learn a new proposal covmat (waiting for the rest...)
[1 : mcmc] Progress @ 2026-07-16 22:38:08 : 6880 steps taken, and 19670 accepted.
[0 : mcmc] Progress @ 2026-07-16 22:38:15 : 6922 steps taken, and 19693 accepted.
[2 : mcmc] Progress @ 2026-07-16 22:38:17 : 6936 steps taken, and 19690 accepted.
[3 : mcmc] Learn + convergence test @ 19680 samples accepted.
[3 : mcmc] Ready to check convergence and learn a new proposal covmat (waiting for the rest...)
[3 : mcmc] Progress @ 2026-07-16 22:38:35 : 6971 steps taken, and 19680 accepted.
[1 : mcmc] Learn + convergence test @ 19680 samples accepted.
[1 : mcmc] Ready to check convergence and learn a new proposal covmat (waiting for the rest...)
[0 : mcmc] All chains are ready to check convergence and learn a new proposal covmat
[0 : mcmc]  - Acceptance rate: 0.928 = avg([np.float64(0.929251957362513), np.float64(0.9273395532937517), np.float64(0.9258388946329542), np.float64(0.9277971533603544)])
[0 : mcmc]  - Convergence of means: R-1 = 0.003750 after 78765 accepted steps = sum([np.int64(19701), np.int64(19680), np.int64(19699), np.int64(19685)])
[0 : mcmc]  - Updated covariance matrix of proposal pdf.
[1 : mcmc] Progress @ 2026-07-16 22:39:13 : 6931 steps taken, and 19680 accepted.
[2 : mcmc] Progress @ 2026-07-16 22:39:19 : 6993 steps taken, and 19699 accepted.
[0 : mcmc] Progress @ 2026-07-16 22:39:19 : 6978 steps taken, and 19704 accepted.
[3 : mcmc] Progress @ 2026-07-16 22:39:40 : 7033 steps taken, and 19691 accepted.
[1 : mcmc] Progress @ 2026-07-16 22:40:14 : 6997 steps taken, and 19692 accepted.
[2 : mcmc] Progress @ 2026-07-16 22:40:20 : 7074 steps taken, and 19714 accepted.
[0 : mcmc] Progress @ 2026-07-16 22:40:20 : 7051 steps taken, and 19719 accepted.
[3 : mcmc] Progress @ 2026-07-16 22:40:41 : 7104 steps taken, and 19703 accepted.
[1 : mcmc] Progress @ 2026-07-16 22:41:15 : 7075 steps taken, and 19706 accepted.
[2 : mcmc] Progress @ 2026-07-16 22:41:21 : 7140 steps taken, and 19728 accepted.
[0 : mcmc] Progress @ 2026-07-16 22:41:22 : 7124 steps taken, and 19733 accepted.
[3 : mcmc] Progress @ 2026-07-16 22:41:42 : 7177 steps taken, and 19716 accepted.
[1 : mcmc] Progress @ 2026-07-16 22:42:17 : 7145 steps taken, and 19719 accepted.
[0 : mcmc] Progress @ 2026-07-16 22:42:24 : 7200 steps taken, and 19745 accepted.
[2 : mcmc] Progress @ 2026-07-16 22:42:25 : 7225 steps taken, and 19745 accepted.
[3 : mcmc] Progress @ 2026-07-16 22:42:43 : 7242 steps taken, and 19728 accepted.
[1 : mcmc] Progress @ 2026-07-16 22:43:17 : 7209 steps taken, and 19730 accepted.
[0 : mcmc] Progress @ 2026-07-16 22:43:25 : 7267 steps taken, and 19757 accepted.
[2 : mcmc] Progress @ 2026-07-16 22:43:26 : 7296 steps taken, and 19758 accepted.
[3 : mcmc] Progress @ 2026-07-16 22:43:43 : 7306 steps taken, and 19740 accepted.
[1 : mcmc] Progress @ 2026-07-16 22:44:20 : 7295 steps taken, and 19745 accepted.
[0 : mcmc] Progress @ 2026-07-16 22:44:26 : 7338 steps taken, and 19770 accepted.
[2 : mcmc] Progress @ 2026-07-16 22:44:28 : 7379 steps taken, and 19773 accepted.
[3 : mcmc] Progress @ 2026-07-16 22:44:45 : 7401 steps taken, and 19758 accepted.
[1 : mcmc] Progress @ 2026-07-16 22:45:20 : 7362 steps taken, and 19755 accepted.
[0 : mcmc] Progress @ 2026-07-16 22:45:28 : 7415 steps taken, and 19784 accepted.
[2 : mcmc] Progress @ 2026-07-16 22:45:31 : 7443 steps taken, and 19785 accepted.
[3 : mcmc] Progress @ 2026-07-16 22:45:46 : 7463 steps taken, and 19771 accepted.
[1 : mcmc] Progress @ 2026-07-16 22:46:25 : 7452 steps taken, and 19770 accepted.
[0 : mcmc] Progress @ 2026-07-16 22:46:30 : 7486 steps taken, and 19797 accepted.
[2 : mcmc] Progress @ 2026-07-16 22:46:33 : 7502 steps taken, and 19796 accepted.
[3 : mcmc] Progress @ 2026-07-16 22:46:49 : 7542 steps taken, and 19785 accepted.
[1 : mcmc] Progress @ 2026-07-16 22:47:32 : 7519 steps taken, and 19782 accepted.
[0 : mcmc] Progress @ 2026-07-16 22:47:33 : 7563 steps taken, and 19811 accepted.
[2 : mcmc] Progress @ 2026-07-16 22:47:34 : 7584 steps taken, and 19812 accepted.
[3 : mcmc] Progress @ 2026-07-16 22:47:53 : 7607 steps taken, and 19797 accepted.
[0 : mcmc] Progress @ 2026-07-16 22:48:34 : 7625 steps taken, and 19823 accepted.
[2 : mcmc] Progress @ 2026-07-16 22:48:35 : 7648 steps taken, and 19825 accepted.
[1 : mcmc] Progress @ 2026-07-16 22:48:36 : 7591 steps taken, and 19796 accepted.
[3 : mcmc] Progress @ 2026-07-16 22:48:53 : 7695 steps taken, and 19812 accepted.
[2 : mcmc] Progress @ 2026-07-16 22:49:35 : 7718 steps taken, and 19837 accepted.
[0 : mcmc] Progress @ 2026-07-16 22:49:36 : 7707 steps taken, and 19839 accepted.
[1 : mcmc] Progress @ 2026-07-16 22:49:38 : 7675 steps taken, and 19812 accepted.
[3 : mcmc] Progress @ 2026-07-16 22:49:55 : 7755 steps taken, and 19824 accepted.
[0 : mcmc] Progress @ 2026-07-16 22:50:36 : 7775 steps taken, and 19852 accepted.
[2 : mcmc] Progress @ 2026-07-16 22:50:37 : 7795 steps taken, and 19852 accepted.
[1 : mcmc] Progress @ 2026-07-16 22:50:38 : 7743 steps taken, and 19824 accepted.
[3 : mcmc] Progress @ 2026-07-16 22:50:58 : 7836 steps taken, and 19840 accepted.
[0 : mcmc] Progress @ 2026-07-16 22:51:37 : 7841 steps taken, and 19864 accepted.
[1 : mcmc] Progress @ 2026-07-16 22:51:39 : 7813 steps taken, and 19838 accepted.
[2 : mcmc] Progress @ 2026-07-16 22:51:43 : 7866 steps taken, and 19863 accepted.
[3 : mcmc] Progress @ 2026-07-16 22:52:01 : 7925 steps taken, and 19858 accepted.
[0 : mcmc] Progress @ 2026-07-16 22:52:39 : 7923 steps taken, and 19880 accepted.
[1 : mcmc] Progress @ 2026-07-16 22:52:42 : 7895 steps taken, and 19851 accepted.
[2 : mcmc] Progress @ 2026-07-16 22:52:46 : 7940 steps taken, and 19876 accepted.
[3 : mcmc] Progress @ 2026-07-16 22:53:01 : 7981 steps taken, and 19869 accepted.
[0 : mcmc] Progress @ 2026-07-16 22:53:39 : 7992 steps taken, and 19894 accepted.
[1 : mcmc] Progress @ 2026-07-16 22:53:48 : 7967 steps taken, and 19865 accepted.
[2 : mcmc] Progress @ 2026-07-16 22:53:50 : 8019 steps taken, and 19891 accepted.
[3 : mcmc] Progress @ 2026-07-16 22:54:02 : 8050 steps taken, and 19880 accepted.
[0 : mcmc] Progress @ 2026-07-16 22:54:41 : 8056 steps taken, and 19905 accepted.
[1 : mcmc] Progress @ 2026-07-16 22:54:50 : 8040 steps taken, and 19880 accepted.
[2 : mcmc] Progress @ 2026-07-16 22:54:50 : 8081 steps taken, and 19902 accepted.
[3 : mcmc] Progress @ 2026-07-16 22:55:03 : 8128 steps taken, and 19895 accepted.
[0 : mcmc] Learn + convergence test @ 19920 samples accepted.
[0 : mcmc] Ready to check convergence and learn a new proposal covmat (waiting for the rest...)
[0 : mcmc] Progress @ 2026-07-16 22:55:43 : 8140 steps taken, and 19922 accepted.
[1 : mcmc] Progress @ 2026-07-16 22:55:52 : 8105 steps taken, and 19893 accepted.
[2 : mcmc] Progress @ 2026-07-16 22:55:54 : 8160 steps taken, and 19917 accepted.
[3 : mcmc] Progress @ 2026-07-16 22:56:05 : 8198 steps taken, and 19908 accepted.
[2 : mcmc] Learn + convergence test @ 19920 samples accepted.
[2 : mcmc] Ready to check convergence and learn a new proposal covmat (waiting for the rest...)
[0 : mcmc] Progress @ 2026-07-16 22:56:45 : 8212 steps taken, and 19934 accepted.
[3 : mcmc] Learn + convergence test @ 19920 samples accepted.
[3 : mcmc] Ready to check convergence and learn a new proposal covmat (waiting for the rest...)
[1 : mcmc] Progress @ 2026-07-16 22:56:53 : 8182 steps taken, and 19907 accepted.
[2 : mcmc] Progress @ 2026-07-16 22:56:55 : 8227 steps taken, and 19931 accepted.
[3 : mcmc] Progress @ 2026-07-16 22:57:05 : 8263 steps taken, and 19921 accepted.
[0 : mcmc] Progress @ 2026-07-16 22:57:46 : 8265 steps taken, and 19945 accepted.
[1 : mcmc] Progress @ 2026-07-16 22:57:57 : 8243 steps taken, and 19917 accepted.
[1 : mcmc] Learn + convergence test @ 19920 samples accepted.
[1 : mcmc] Ready to check convergence and learn a new proposal covmat (waiting for the rest...)
[2 : mcmc] Progress @ 2026-07-16 22:57:58 : 8307 steps taken, and 19945 accepted.
[0 : mcmc] All chains are ready to check convergence and learn a new proposal covmat
[3 : mcmc] Progress @ 2026-07-16 22:58:06 : 8331 steps taken, and 19934 accepted.
[0 : mcmc]  - Acceptance rate: 0.928 = avg([np.float64(0.9295564666418189), np.float64(0.9262531386589788), np.float64(0.926342188370797), np.float64(0.9281191806331471)])
[0 : mcmc]  - Convergence of means: R-1 = 0.003621 after 79752 accepted steps = sum([np.int64(19951), np.int64(19920), np.int64(19946), np.int64(19935)])
[0 : mcmc]  - Updated covariance matrix of proposal pdf.
[0 : mcmc] Progress @ 2026-07-16 22:58:52 : 8343 steps taken, and 19960 accepted.
[1 : mcmc] Progress @ 2026-07-16 22:59:01 : 8320 steps taken, and 19930 accepted.
[2 : mcmc] Progress @ 2026-07-16 22:59:02 : 8370 steps taken, and 19956 accepted.
[3 : mcmc] Progress @ 2026-07-16 22:59:07 : 8388 steps taken, and 19943 accepted.
[0 : mcmc] Progress @ 2026-07-16 22:59:57 : 8428 steps taken, and 19978 accepted.
[1 : mcmc] Progress @ 2026-07-16 23:00:02 : 8389 steps taken, and 19942 accepted.
[2 : mcmc] Progress @ 2026-07-16 23:00:03 : 8448 steps taken, and 19971 accepted.
[3 : mcmc] Progress @ 2026-07-16 23:00:10 : 8472 steps taken, and 19957 accepted.
[0 : mcmc] Progress @ 2026-07-16 23:01:01 : 8484 steps taken, and 19987 accepted.
[1 : mcmc] Progress @ 2026-07-16 23:01:06 : 8466 steps taken, and 19955 accepted.
[2 : mcmc] Progress @ 2026-07-16 23:01:07 : 8519 steps taken, and 19985 accepted.
[3 : mcmc] Progress @ 2026-07-16 23:01:12 : 8546 steps taken, and 19966 accepted.
[0 : mcmc] Progress @ 2026-07-16 23:02:01 : 8554 steps taken, and 19999 accepted.
[1 : mcmc] Progress @ 2026-07-16 23:02:06 : 8524 steps taken, and 19965 accepted.
[2 : mcmc] Progress @ 2026-07-16 23:02:07 : 8585 steps taken, and 19998 accepted.
[3 : mcmc] Progress @ 2026-07-16 23:02:13 : 8619 steps taken, and 19980 accepted.
[0 : mcmc] Progress @ 2026-07-16 23:03:05 : 8635 steps taken, and 20014 accepted.
[1 : mcmc] Progress @ 2026-07-16 23:03:07 : 8601 steps taken, and 19980 accepted.
[2 : mcmc] Progress @ 2026-07-16 23:03:08 : 8662 steps taken, and 20013 accepted.
[3 : mcmc] Progress @ 2026-07-16 23:03:16 : 8696 steps taken, and 19993 accepted.
[0 : mcmc] Progress @ 2026-07-16 23:04:07 : 8716 steps taken, and 20028 accepted.
[1 : mcmc] Progress @ 2026-07-16 23:04:09 : 8676 steps taken, and 19995 accepted.
[2 : mcmc] Progress @ 2026-07-16 23:04:10 : 8729 steps taken, and 20026 accepted.
[3 : mcmc] Progress @ 2026-07-16 23:04:17 : 8762 steps taken, and 20005 accepted.
[0 : mcmc] Progress @ 2026-07-16 23:05:09 : 8777 steps taken, and 20040 accepted.
[2 : mcmc] Progress @ 2026-07-16 23:05:10 : 8804 steps taken, and 20041 accepted.
[1 : mcmc] Progress @ 2026-07-16 23:05:12 : 8752 steps taken, and 20009 accepted.
[3 : mcmc] Progress @ 2026-07-16 23:05:18 : 8833 steps taken, and 20019 accepted.
[0 : mcmc] Progress @ 2026-07-16 23:06:09 : 8850 steps taken, and 20054 accepted.
[2 : mcmc] Progress @ 2026-07-16 23:06:13 : 8875 steps taken, and 20055 accepted.
[1 : mcmc] Progress @ 2026-07-16 23:06:18 : 8824 steps taken, and 20022 accepted.
[3 : mcmc] Progress @ 2026-07-16 23:06:20 : 8909 steps taken, and 20034 accepted.
[0 : mcmc] Progress @ 2026-07-16 23:07:10 : 8916 steps taken, and 20065 accepted.
[2 : mcmc] Progress @ 2026-07-16 23:07:16 : 8955 steps taken, and 20067 accepted.
[3 : mcmc] Progress @ 2026-07-16 23:07:20 : 8984 steps taken, and 20048 accepted.
[1 : mcmc] Progress @ 2026-07-16 23:07:22 : 8907 steps taken, and 20038 accepted.
[0 : mcmc] Progress @ 2026-07-16 23:08:10 : 9002 steps taken, and 20081 accepted.
[2 : mcmc] Progress @ 2026-07-16 23:08:18 : 9023 steps taken, and 20080 accepted.
[3 : mcmc] Progress @ 2026-07-16 23:08:21 : 9054 steps taken, and 20060 accepted.
[1 : mcmc] Progress @ 2026-07-16 23:08:25 : 8984 steps taken, and 20052 accepted.
[0 : mcmc] Progress @ 2026-07-16 23:09:14 : 9061 steps taken, and 20093 accepted.
[2 : mcmc] Progress @ 2026-07-16 23:09:18 : 9087 steps taken, and 20092 accepted.
[1 : mcmc] Progress @ 2026-07-16 23:09:25 : 9049 steps taken, and 20065 accepted.
[3 : mcmc] Progress @ 2026-07-16 23:09:26 : 9138 steps taken, and 20077 accepted.
[0 : mcmc] Progress @ 2026-07-16 23:10:18 : 9139 steps taken, and 20106 accepted.
[2 : mcmc] Progress @ 2026-07-16 23:10:19 : 9156 steps taken, and 20105 accepted.
[1 : mcmc] Progress @ 2026-07-16 23:10:26 : 9118 steps taken, and 20078 accepted.
[3 : mcmc] Progress @ 2026-07-16 23:10:27 : 9191 steps taken, and 20087 accepted.
[0 : mcmc] Progress @ 2026-07-16 23:11:18 : 9209 steps taken, and 20117 accepted.
[2 : mcmc] Progress @ 2026-07-16 23:11:20 : 9231 steps taken, and 20120 accepted.
[1 : mcmc] Progress @ 2026-07-16 23:11:26 : 9193 steps taken, and 20092 accepted.
[3 : mcmc] Progress @ 2026-07-16 23:11:27 : 9271 steps taken, and 20103 accepted.
[0 : mcmc] Progress @ 2026-07-16 23:12:21 : 9286 steps taken, and 20130 accepted.
[2 : mcmc] Progress @ 2026-07-16 23:12:22 : 9304 steps taken, and 20134 accepted.
[1 : mcmc] Progress @ 2026-07-16 23:12:27 : 9256 steps taken, and 20102 accepted.
[3 : mcmc] Progress @ 2026-07-16 23:12:28 : 9344 steps taken, and 20118 accepted.
[0 : mcmc] Progress @ 2026-07-16 23:13:22 : 9357 steps taken, and 20143 accepted.
[2 : mcmc] Progress @ 2026-07-16 23:13:24 : 9371 steps taken, and 20146 accepted.
[1 : mcmc] Progress @ 2026-07-16 23:13:29 : 9328 steps taken, and 20115 accepted.
[3 : mcmc] Progress @ 2026-07-16 23:13:30 : 9413 steps taken, and 20130 accepted.
[2 : mcmc] Progress @ 2026-07-16 23:14:24 : 9441 steps taken, and 20159 accepted.
[0 : mcmc] Progress @ 2026-07-16 23:14:27 : 9437 steps taken, and 20156 accepted.
[3 : mcmc] Progress @ 2026-07-16 23:14:31 : 9476 steps taken, and 20142 accepted.
[1 : mcmc] Progress @ 2026-07-16 23:14:31 : 9406 steps taken, and 20130 accepted.
[2 : mcmc] Learn + convergence test @ 20160 samples accepted.
[2 : mcmc] Ready to check convergence and learn a new proposal covmat (waiting for the rest...)
[0 : mcmc] Learn + convergence test @ 20160 samples accepted.
[0 : mcmc] Ready to check convergence and learn a new proposal covmat (waiting for the rest...)
[2 : mcmc] Progress @ 2026-07-16 23:15:28 : 9514 steps taken, and 20171 accepted.
[0 : mcmc] Progress @ 2026-07-16 23:15:29 : 9506 steps taken, and 20170 accepted.
[3 : mcmc] Progress @ 2026-07-16 23:15:31 : 9563 steps taken, and 20159 accepted.
[1 : mcmc] Progress @ 2026-07-16 23:15:32 : 9477 steps taken, and 20142 accepted.
[3 : mcmc] Learn + convergence test @ 20160 samples accepted.
[3 : mcmc] Ready to check convergence and learn a new proposal covmat (waiting for the rest...)
[2 : mcmc] Progress @ 2026-07-16 23:16:29 : 9582 steps taken, and 20183 accepted.
[0 : mcmc] Progress @ 2026-07-16 23:16:31 : 9583 steps taken, and 20183 accepted.
[3 : mcmc] Progress @ 2026-07-16 23:16:33 : 9618 steps taken, and 20169 accepted.
[1 : mcmc] Progress @ 2026-07-16 23:16:35 : 9549 steps taken, and 20155 accepted.
[1 : mcmc] Learn + convergence test @ 20160 samples accepted.
[1 : mcmc] Ready to check convergence and learn a new proposal covmat (waiting for the rest...)
[0 : mcmc] All chains are ready to check convergence and learn a new proposal covmat
[0 : mcmc]  - Acceptance rate: 0.927 = avg([np.float64(0.9286174225002299), np.float64(0.925789860396767), np.float64(0.9265718219366682), np.float64(0.9281442635017021)])
[0 : mcmc]  - Convergence of means: R-1 = 0.002557 after 80713 accepted steps = sum([np.int64(20189), np.int64(20160), np.int64(20189), np.int64(20175)])
[0 : mcmc]  - Updated covariance matrix of proposal pdf.
[0 : mcmc] Progress @ 2026-07-16 23:17:32 : 9646 steps taken, and 20194 accepted.
[3 : mcmc] Progress @ 2026-07-16 23:17:33 : 9688 steps taken, and 20181 accepted.
[2 : mcmc] Progress @ 2026-07-16 23:17:34 : 9660 steps taken, and 20198 accepted.
[1 : mcmc] Progress @ 2026-07-16 23:17:39 : 9604 steps taken, and 20166 accepted.
[2 : mcmc] Progress @ 2026-07-16 23:18:34 : 9720 steps taken, and 20210 accepted.
[3 : mcmc] Progress @ 2026-07-16 23:18:35 : 9757 steps taken, and 20195 accepted.
[0 : mcmc] Progress @ 2026-07-16 23:18:35 : 9725 steps taken, and 20208 accepted.
[1 : mcmc] Progress @ 2026-07-16 23:18:40 : 9673 steps taken, and 20180 accepted.
[2 : mcmc] Progress @ 2026-07-16 23:19:35 : 9795 steps taken, and 20223 accepted.
[0 : mcmc] Progress @ 2026-07-16 23:19:36 : 9791 steps taken, and 20221 accepted.
[3 : mcmc] Progress @ 2026-07-16 23:19:37 : 9832 steps taken, and 20210 accepted.
[1 : mcmc] Progress @ 2026-07-16 23:19:43 : 9756 steps taken, and 20194 accepted.
[0 : mcmc] Progress @ 2026-07-16 23:20:37 : 9862 steps taken, and 20236 accepted.
[3 : mcmc] Progress @ 2026-07-16 23:20:38 : 9906 steps taken, and 20224 accepted.
[2 : mcmc] Progress @ 2026-07-16 23:20:39 : 9869 steps taken, and 20237 accepted.
[1 : mcmc] Progress @ 2026-07-16 23:20:45 : 9847 steps taken, and 20213 accepted.
[3 : mcmc] Progress @ 2026-07-16 23:21:38 : 9961 steps taken, and 20235 accepted.
[2 : mcmc] Progress @ 2026-07-16 23:21:39 : 9945 steps taken, and 20252 accepted.
[0 : mcmc] Progress @ 2026-07-16 23:21:41 : 9934 steps taken, and 20249 accepted.
[1 : mcmc] Progress @ 2026-07-16 23:21:50 : 9902 steps taken, and 20224 accepted.
[2 : mcmc] Progress @ 2026-07-16 23:22:40 : 10006 steps taken, and 20262 accepted.
[0 : mcmc] Progress @ 2026-07-16 23:22:42 : 10009 steps taken, and 20264 accepted.
[3 : mcmc] Progress @ 2026-07-16 23:22:42 : 10042 steps taken, and 20251 accepted.
[1 : mcmc] Progress @ 2026-07-16 23:22:54 : 9988 steps taken, and 20241 accepted.
[2 : mcmc] Progress @ 2026-07-16 23:23:41 : 10084 steps taken, and 20275 accepted.
[0 : mcmc] Progress @ 2026-07-16 23:23:42 : 10069 steps taken, and 20275 accepted.
[3 : mcmc] Progress @ 2026-07-16 23:23:44 : 10115 steps taken, and 20266 accepted.
[1 : mcmc] Progress @ 2026-07-16 23:23:55 : 10055 steps taken, and 20254 accepted.
[2 : mcmc] Progress @ 2026-07-16 23:24:42 : 10152 steps taken, and 20288 accepted.
[0 : mcmc] Progress @ 2026-07-16 23:24:45 : 10146 steps taken, and 20288 accepted.
[3 : mcmc] Progress @ 2026-07-16 23:24:46 : 10198 steps taken, and 20280 accepted.
[1 : mcmc] Progress @ 2026-07-16 23:24:56 : 10126 steps taken, and 20267 accepted.
[2 : mcmc] Progress @ 2026-07-16 23:25:44 : 10227 steps taken, and 20303 accepted.
[3 : mcmc] Progress @ 2026-07-16 23:25:47 : 10260 steps taken, and 20292 accepted.
[0 : mcmc] Progress @ 2026-07-16 23:25:48 : 10218 steps taken, and 20301 accepted.
[1 : mcmc] Progress @ 2026-07-16 23:25:59 : 10203 steps taken, and 20283 accepted.
[2 : mcmc] Progress @ 2026-07-16 23:26:46 : 10299 steps taken, and 20315 accepted.
[3 : mcmc] Progress @ 2026-07-16 23:26:47 : 10318 steps taken, and 20302 accepted.
[0 : mcmc] Progress @ 2026-07-16 23:26:49 : 10300 steps taken, and 20314 accepted.
[1 : mcmc] Progress @ 2026-07-16 23:27:00 : 10277 steps taken, and 20298 accepted.
[0 : mcmc] Progress @ 2026-07-16 23:27:50 : 10367 steps taken, and 20326 accepted.
[3 : mcmc] Progress @ 2026-07-16 23:27:50 : 10405 steps taken, and 20318 accepted.
[2 : mcmc] Progress @ 2026-07-16 23:27:52 : 10397 steps taken, and 20331 accepted.
[1 : mcmc] Progress @ 2026-07-16 23:28:04 : 10353 steps taken, and 20310 accepted.
[3 : mcmc] Progress @ 2026-07-16 23:28:51 : 10468 steps taken, and 20330 accepted.
[0 : mcmc] Progress @ 2026-07-16 23:28:51 : 10427 steps taken, and 20337 accepted.
[2 : mcmc] Progress @ 2026-07-16 23:28:52 : 10460 steps taken, and 20345 accepted.
[1 : mcmc] Progress @ 2026-07-16 23:29:04 : 10418 steps taken, and 20323 accepted.
[0 : mcmc] Progress @ 2026-07-16 23:29:51 : 10501 steps taken, and 20352 accepted.
[2 : mcmc] Progress @ 2026-07-16 23:29:53 : 10512 steps taken, and 20353 accepted.
[3 : mcmc] Progress @ 2026-07-16 23:29:54 : 10551 steps taken, and 20345 accepted.
[1 : mcmc] Progress @ 2026-07-16 23:30:06 : 10489 steps taken, and 20334 accepted.
[0 : mcmc] Progress @ 2026-07-16 23:30:52 : 10572 steps taken, and 20366 accepted.
[2 : mcmc] Progress @ 2026-07-16 23:30:54 : 10597 steps taken, and 20369 accepted.
[3 : mcmc] Progress @ 2026-07-16 23:30:55 : 10619 steps taken, and 20358 accepted.
[1 : mcmc] Progress @ 2026-07-16 23:31:07 : 10579 steps taken, and 20351 accepted.
[2 : mcmc] Progress @ 2026-07-16 23:31:54 : 10662 steps taken, and 20381 accepted.
[0 : mcmc] Progress @ 2026-07-16 23:31:55 : 10645 steps taken, and 20381 accepted.
[3 : mcmc] Progress @ 2026-07-16 23:31:56 : 10696 steps taken, and 20373 accepted.
[1 : mcmc] Progress @ 2026-07-16 23:32:12 : 10637 steps taken, and 20362 accepted.
[3 : mcmc] Progress @ 2026-07-16 23:32:57 : 10764 steps taken, and 20387 accepted.
[0 : mcmc] Progress @ 2026-07-16 23:32:57 : 10709 steps taken, and 20391 accepted.
[2 : mcmc] Progress @ 2026-07-16 23:32:58 : 10740 steps taken, and 20396 accepted.
[2 : mcmc] Learn + convergence test @ 20400 samples accepted.
[2 : mcmc] Ready to check convergence and learn a new proposal covmat (waiting for the rest...)
[1 : mcmc] Progress @ 2026-07-16 23:33:13 : 10715 steps taken, and 20375 accepted.
[0 : mcmc] Learn + convergence test @ 20400 samples accepted.
[0 : mcmc] Ready to check convergence and learn a new proposal covmat (waiting for the rest...)
[3 : mcmc] Learn + convergence test @ 20400 samples accepted.
[3 : mcmc] Ready to check convergence and learn a new proposal covmat (waiting for the rest...)
[3 : mcmc] Progress @ 2026-07-16 23:33:57 : 10842 steps taken, and 20403 accepted.
[2 : mcmc] Progress @ 2026-07-16 23:33:58 : 10816 steps taken, and 20410 accepted.
[0 : mcmc] Progress @ 2026-07-16 23:33:59 : 10788 steps taken, and 20404 accepted.
[1 : mcmc] Progress @ 2026-07-16 23:34:13 : 10782 steps taken, and 20388 accepted.
[2 : mcmc] Progress @ 2026-07-16 23:34:59 : 10884 steps taken, and 20422 accepted.
[0 : mcmc] Progress @ 2026-07-16 23:35:00 : 10865 steps taken, and 20419 accepted.
[3 : mcmc] Progress @ 2026-07-16 23:35:01 : 10909 steps taken, and 20415 accepted.
[1 : mcmc] Learn + convergence test @ 20400 samples accepted.
[1 : mcmc] Ready to check convergence and learn a new proposal covmat (waiting for the rest...)
[0 : mcmc] All chains are ready to check convergence and learn a new proposal covmat
[0 : mcmc]  - Acceptance rate: 0.928 = avg([np.float64(0.9288702928870293), np.float64(0.9261781530918006), np.float64(0.9265239477503628), np.float64(0.9287793341822812)])
[0 : mcmc]  - Convergence of means: R-1 = 0.002462 after 81672 accepted steps = sum([np.int64(20423), np.int64(20400), np.int64(20428), np.int64(20421)])
[0 : mcmc]  - Updated covariance matrix of proposal pdf.
[1 : mcmc] Progress @ 2026-07-16 23:35:27 : 10850 steps taken, and 20400 accepted.
[0 : mcmc] Progress @ 2026-07-16 23:36:02 : 10932 steps taken, and 20433 accepted.
[2 : mcmc] Progress @ 2026-07-16 23:36:02 : 10951 steps taken, and 20434 accepted.
[3 : mcmc] Progress @ 2026-07-16 23:36:02 : 10973 steps taken, and 20426 accepted.
[1 : mcmc] Progress @ 2026-07-16 23:36:31 : 10939 steps taken, and 20416 accepted.
[2 : mcmc] Progress @ 2026-07-16 23:37:02 : 11019 steps taken, and 20446 accepted.
[3 : mcmc] Progress @ 2026-07-16 23:37:03 : 11045 steps taken, and 20441 accepted.
[0 : mcmc] Progress @ 2026-07-16 23:37:04 : 11004 steps taken, and 20445 accepted.
[1 : mcmc] Progress @ 2026-07-16 23:37:32 : 11004 steps taken, and 20429 accepted.
[2 : mcmc] Progress @ 2026-07-16 23:38:04 : 11092 steps taken, and 20460 accepted.
[3 : mcmc] Progress @ 2026-07-16 23:38:06 : 11125 steps taken, and 20456 accepted.
[0 : mcmc] Progress @ 2026-07-16 23:38:06 : 11083 steps taken, and 20458 accepted.
[1 : mcmc] Progress @ 2026-07-16 23:38:33 : 11078 steps taken, and 20444 accepted.
[2 : mcmc] Progress @ 2026-07-16 23:39:05 : 11162 steps taken, and 20472 accepted.
[0 : mcmc] Progress @ 2026-07-16 23:39:07 : 11147 steps taken, and 20471 accepted.
[3 : mcmc] Progress @ 2026-07-16 23:39:08 : 11192 steps taken, and 20470 accepted.
[1 : mcmc] Progress @ 2026-07-16 23:39:34 : 11152 steps taken, and 20456 accepted.
[2 : mcmc] Progress @ 2026-07-16 23:40:07 : 11235 steps taken, and 20487 accepted.
[3 : mcmc] Progress @ 2026-07-16 23:40:09 : 11262 steps taken, and 20482 accepted.
[0 : mcmc] Progress @ 2026-07-16 23:40:09 : 11229 steps taken, and 20488 accepted.
[1 : mcmc] Progress @ 2026-07-16 23:40:37 : 11228 steps taken, and 20469 accepted.
[2 : mcmc] Progress @ 2026-07-16 23:41:08 : 11302 steps taken, and 20500 accepted.
[3 : mcmc] Progress @ 2026-07-16 23:41:09 : 11329 steps taken, and 20496 accepted.
[0 : mcmc] Progress @ 2026-07-16 23:41:10 : 11296 steps taken, and 20500 accepted.
[1 : mcmc] Progress @ 2026-07-16 23:41:38 : 11291 steps taken, and 20481 accepted.
[2 : mcmc] Progress @ 2026-07-16 23:42:10 : 11371 steps taken, and 20512 accepted.
[0 : mcmc] Progress @ 2026-07-16 23:42:10 : 11367 steps taken, and 20514 accepted.
[3 : mcmc] Progress @ 2026-07-16 23:42:12 : 11404 steps taken, and 20511 accepted.
[1 : mcmc] Progress @ 2026-07-16 23:42:40 : 11369 steps taken, and 20494 accepted.
[0 : mcmc] Progress @ 2026-07-16 23:43:11 : 11439 steps taken, and 20528 accepted.
[2 : mcmc] Progress @ 2026-07-16 23:43:12 : 11450 steps taken, and 20527 accepted.
[3 : mcmc] Progress @ 2026-07-16 23:43:14 : 11484 steps taken, and 20526 accepted.
[1 : mcmc] Progress @ 2026-07-16 23:43:41 : 11434 steps taken, and 20503 accepted.
[2 : mcmc] Progress @ 2026-07-16 23:44:12 : 11525 steps taken, and 20538 accepted.
[0 : mcmc] Progress @ 2026-07-16 23:44:13 : 11514 steps taken, and 20542 accepted.
[3 : mcmc] Progress @ 2026-07-16 23:44:16 : 11551 steps taken, and 20538 accepted.
[1 : mcmc] Progress @ 2026-07-16 23:44:44 : 11509 steps taken, and 20517 accepted.
[0 : mcmc] Progress @ 2026-07-16 23:45:15 : 11583 steps taken, and 20555 accepted.
[2 : mcmc] Progress @ 2026-07-16 23:45:16 : 11603 steps taken, and 20553 accepted.
[3 : mcmc] Progress @ 2026-07-16 23:45:16 : 11618 steps taken, and 20552 accepted.
[1 : mcmc] Progress @ 2026-07-16 23:45:45 : 11581 steps taken, and 20531 accepted.
[0 : mcmc] Progress @ 2026-07-16 23:46:16 : 11653 steps taken, and 20566 accepted.
[2 : mcmc] Progress @ 2026-07-16 23:46:16 : 11669 steps taken, and 20564 accepted.
[3 : mcmc] Progress @ 2026-07-16 23:46:18 : 11686 steps taken, and 20564 accepted.
[1 : mcmc] Progress @ 2026-07-16 23:46:47 : 11657 steps taken, and 20545 accepted.
[0 : mcmc] Progress @ 2026-07-16 23:47:20 : 11732 steps taken, and 20580 accepted.
[3 : mcmc] Progress @ 2026-07-16 23:47:20 : 11764 steps taken, and 20579 accepted.
[2 : mcmc] Progress @ 2026-07-16 23:47:22 : 11721 steps taken, and 20573 accepted.
[1 : mcmc] Progress @ 2026-07-16 23:47:48 : 11728 steps taken, and 20558 accepted.
[0 : mcmc] Progress @ 2026-07-16 23:48:21 : 11805 steps taken, and 20595 accepted.
[3 : mcmc] Progress @ 2026-07-16 23:48:21 : 11840 steps taken, and 20592 accepted.
[2 : mcmc] Progress @ 2026-07-16 23:48:26 : 11805 steps taken, and 20591 accepted.
[1 : mcmc] Progress @ 2026-07-16 23:48:50 : 11804 steps taken, and 20571 accepted.
[3 : mcmc] Progress @ 2026-07-16 23:49:22 : 11905 steps taken, and 20605 accepted.
[0 : mcmc] Progress @ 2026-07-16 23:49:25 : 11871 steps taken, and 20605 accepted.
[2 : mcmc] Progress @ 2026-07-16 23:49:28 : 11894 steps taken, and 20608 accepted.
[1 : mcmc] Progress @ 2026-07-16 23:49:51 : 11870 steps taken, and 20583 accepted.
[3 : mcmc] Progress @ 2026-07-16 23:50:24 : 11984 steps taken, and 20620 accepted.
[0 : mcmc] Progress @ 2026-07-16 23:50:27 : 11940 steps taken, and 20618 accepted.
[2 : mcmc] Progress @ 2026-07-16 23:50:29 : 11954 steps taken, and 20618 accepted.
[1 : mcmc] Progress @ 2026-07-16 23:50:54 : 11954 steps taken, and 20598 accepted.
[3 : mcmc] Progress @ 2026-07-16 23:51:26 : 12057 steps taken, and 20633 accepted.
[0 : mcmc] Progress @ 2026-07-16 23:51:30 : 12022 steps taken, and 20633 accepted.
[2 : mcmc] Progress @ 2026-07-16 23:51:34 : 12018 steps taken, and 20631 accepted.
[3 : mcmc] Learn + convergence test @ 20640 samples accepted.
[3 : mcmc] Ready to check convergence and learn a new proposal covmat (waiting for the rest...)
[1 : mcmc] Progress @ 2026-07-16 23:51:55 : 12020 steps taken, and 20610 accepted.
[0 : mcmc] Learn + convergence test @ 20640 samples accepted.
[0 : mcmc] Ready to check convergence and learn a new proposal covmat (waiting for the rest...)
[2 : mcmc] Learn + convergence test @ 20640 samples accepted.
[2 : mcmc] Ready to check convergence and learn a new proposal covmat (waiting for the rest...)
[3 : mcmc] Progress @ 2026-07-16 23:52:26 : 12124 steps taken, and 20643 accepted.
[0 : mcmc] Progress @ 2026-07-16 23:52:31 : 12090 steps taken, and 20644 accepted.
[2 : mcmc] Progress @ 2026-07-16 23:52:37 : 12100 steps taken, and 20647 accepted.
[1 : mcmc] Progress @ 2026-07-16 23:52:56 : 12094 steps taken, and 20624 accepted.
[3 : mcmc] Progress @ 2026-07-16 23:53:28 : 12202 steps taken, and 20656 accepted.
[0 : mcmc] Progress @ 2026-07-16 23:53:31 : 12158 steps taken, and 20657 accepted.
[2 : mcmc] Progress @ 2026-07-16 23:53:40 : 12168 steps taken, and 20660 accepted.
[1 : mcmc] Progress @ 2026-07-16 23:53:57 : 12150 steps taken, and 20635 accepted.
[1 : mcmc] Learn + convergence test @ 20640 samples accepted.
[1 : mcmc] Ready to check convergence and learn a new proposal covmat (waiting for the rest...)
[0 : mcmc] All chains are ready to check convergence and learn a new proposal covmat
[0 : mcmc]  - Acceptance rate: 0.927 = avg([np.float64(0.9284751550004493), np.float64(0.9253945480631277), np.float64(0.9262280387235569), np.float64(0.9282249371182177)])
[0 : mcmc]  - Convergence of means: R-1 = 0.002079 after 82636 accepted steps = sum([np.int64(20665), np.int64(20640), np.int64(20666), np.int64(20665)])
[0 : mcmc]  - Updated covariance matrix of proposal pdf.
[3 : mcmc] Progress @ 2026-07-16 23:54:29 : 12280 steps taken, and 20670 accepted.
[0 : mcmc] Progress @ 2026-07-16 23:54:32 : 12228 steps taken, and 20670 accepted.
[2 : mcmc] Progress @ 2026-07-16 23:54:44 : 12243 steps taken, and 20672 accepted.
[1 : mcmc] Progress @ 2026-07-16 23:54:58 : 12222 steps taken, and 20649 accepted.
[3 : mcmc] Progress @ 2026-07-16 23:55:29 : 12337 steps taken, and 20681 accepted.
[0 : mcmc] Progress @ 2026-07-16 23:55:37 : 12298 steps taken, and 20683 accepted.
[2 : mcmc] Progress @ 2026-07-16 23:55:44 : 12315 steps taken, and 20685 accepted.
[1 : mcmc] Progress @ 2026-07-16 23:55:58 : 12285 steps taken, and 20660 accepted.
[3 : mcmc] Progress @ 2026-07-16 23:56:33 : 12414 steps taken, and 20696 accepted.
[0 : mcmc] Progress @ 2026-07-16 23:56:39 : 12362 steps taken, and 20696 accepted.
[2 : mcmc] Progress @ 2026-07-16 23:56:46 : 12390 steps taken, and 20700 accepted.
[1 : mcmc] Progress @ 2026-07-16 23:57:00 : 12356 steps taken, and 20673 accepted.
[3 : mcmc] Progress @ 2026-07-16 23:57:35 : 12485 steps taken, and 20710 accepted.
[0 : mcmc] Progress @ 2026-07-16 23:57:42 : 12447 steps taken, and 20710 accepted.
[2 : mcmc] Progress @ 2026-07-16 23:57:48 : 12461 steps taken, and 20714 accepted.
[1 : mcmc] Progress @ 2026-07-16 23:58:01 : 12432 steps taken, and 20686 accepted.
[3 : mcmc] Progress @ 2026-07-16 23:58:35 : 12559 steps taken, and 20725 accepted.
[0 : mcmc] Progress @ 2026-07-16 23:58:43 : 12513 steps taken, and 20724 accepted.
[2 : mcmc] Progress @ 2026-07-16 23:58:50 : 12537 steps taken, and 20729 accepted.
[1 : mcmc] Progress @ 2026-07-16 23:59:06 : 12507 steps taken, and 20698 accepted.
[3 : mcmc] Progress @ 2026-07-16 23:59:36 : 12619 steps taken, and 20736 accepted.
[0 : mcmc] Progress @ 2026-07-16 23:59:44 : 12581 steps taken, and 20736 accepted.
[2 : mcmc] Progress @ 2026-07-16 23:59:51 : 12607 steps taken, and 20741 accepted.
[1 : mcmc] Progress @ 2026-07-17 00:00:07 : 12573 steps taken, and 20710 accepted.
[3 : mcmc] Progress @ 2026-07-17 00:00:39 : 12692 steps taken, and 20749 accepted.
[0 : mcmc] Progress @ 2026-07-17 00:00:44 : 12647 steps taken, and 20747 accepted.
[2 : mcmc] Progress @ 2026-07-17 00:00:51 : 12681 steps taken, and 20754 accepted.
[1 : mcmc] Progress @ 2026-07-17 00:01:08 : 12641 steps taken, and 20720 accepted.
[3 : mcmc] Progress @ 2026-07-17 00:01:41 : 12777 steps taken, and 20765 accepted.
[0 : mcmc] Progress @ 2026-07-17 00:01:48 : 12736 steps taken, and 20765 accepted.
[2 : mcmc] Progress @ 2026-07-17 00:01:52 : 12757 steps taken, and 20769 accepted.
[1 : mcmc] Progress @ 2026-07-17 00:02:10 : 12722 steps taken, and 20735 accepted.
[3 : mcmc] Progress @ 2026-07-17 00:02:42 : 12842 steps taken, and 20776 accepted.
[0 : mcmc] Progress @ 2026-07-17 00:02:49 : 12808 steps taken, and 20778 accepted.
[2 : mcmc] Progress @ 2026-07-17 00:02:55 : 12817 steps taken, and 20781 accepted.
[1 : mcmc] Progress @ 2026-07-17 00:03:10 : 12795 steps taken, and 20749 accepted.
[3 : mcmc] Progress @ 2026-07-17 00:03:42 : 12909 steps taken, and 20790 accepted.
[0 : mcmc] Progress @ 2026-07-17 00:03:51 : 12887 steps taken, and 20793 accepted.
[2 : mcmc] Progress @ 2026-07-17 00:03:57 : 12901 steps taken, and 20798 accepted.
[1 : mcmc] Progress @ 2026-07-17 00:04:13 : 12863 steps taken, and 20763 accepted.
[3 : mcmc] Progress @ 2026-07-17 00:04:42 : 12984 steps taken, and 20803 accepted.
[0 : mcmc] Progress @ 2026-07-17 00:04:53 : 12955 steps taken, and 20807 accepted.
[2 : mcmc] Progress @ 2026-07-17 00:04:58 : 12967 steps taken, and 20811 accepted.
[1 : mcmc] Progress @ 2026-07-17 00:05:13 : 12929 steps taken, and 20776 accepted.
[3 : mcmc] Progress @ 2026-07-17 00:05:44 : 13060 steps taken, and 20818 accepted.
[0 : mcmc] Progress @ 2026-07-17 00:05:54 : 13023 steps taken, and 20820 accepted.
[2 : mcmc] Progress @ 2026-07-17 00:06:01 : 13054 steps taken, and 20826 accepted.
[1 : mcmc] Progress @ 2026-07-17 00:06:14 : 12998 steps taken, and 20790 accepted.
[3 : mcmc] Progress @ 2026-07-17 00:06:47 : 13134 steps taken, and 20833 accepted.
[0 : mcmc] Progress @ 2026-07-17 00:06:54 : 13090 steps taken, and 20833 accepted.
[2 : mcmc] Progress @ 2026-07-17 00:07:01 : 13117 steps taken, and 20838 accepted.
[1 : mcmc] Progress @ 2026-07-17 00:07:16 : 13070 steps taken, and 20803 accepted.
[3 : mcmc] Progress @ 2026-07-17 00:07:50 : 13208 steps taken, and 20847 accepted.
[0 : mcmc] Progress @ 2026-07-17 00:08:00 : 13162 steps taken, and 20846 accepted.
[2 : mcmc] Progress @ 2026-07-17 00:08:03 : 13188 steps taken, and 20851 accepted.
[1 : mcmc] Progress @ 2026-07-17 00:08:20 : 13127 steps taken, and 20813 accepted.
[3 : mcmc] Progress @ 2026-07-17 00:08:50 : 13279 steps taken, and 20860 accepted.
[2 : mcmc] Progress @ 2026-07-17 00:09:03 : 13267 steps taken, and 20865 accepted.
[0 : mcmc] Progress @ 2026-07-17 00:09:05 : 13229 steps taken, and 20857 accepted.
[1 : mcmc] Progress @ 2026-07-17 00:09:23 : 13214 steps taken, and 20830 accepted.
[3 : mcmc] Progress @ 2026-07-17 00:09:51 : 13352 steps taken, and 20875 accepted.
[2 : mcmc] Progress @ 2026-07-17 00:10:05 : 13334 steps taken, and 20877 accepted.
[0 : mcmc] Progress @ 2026-07-17 00:10:07 : 13314 steps taken, and 20872 accepted.
[3 : mcmc] Learn + convergence test @ 20880 samples accepted.
[3 : mcmc] Ready to check convergence and learn a new proposal covmat (waiting for the rest...)
[2 : mcmc] Learn + convergence test @ 20880 samples accepted.
[2 : mcmc] Ready to check convergence and learn a new proposal covmat (waiting for the rest...)
[1 : mcmc] Progress @ 2026-07-17 00:10:24 : 13286 steps taken, and 20842 accepted.
[0 : mcmc] Learn + convergence test @ 20880 samples accepted.
[0 : mcmc] Ready to check convergence and learn a new proposal covmat (waiting for the rest...)
[3 : mcmc] Progress @ 2026-07-17 00:10:56 : 13430 steps taken, and 20889 accepted.
[2 : mcmc] Progress @ 2026-07-17 00:11:07 : 13404 steps taken, and 20891 accepted.
[0 : mcmc] Progress @ 2026-07-17 00:11:07 : 13380 steps taken, and 20883 accepted.
[1 : mcmc] Progress @ 2026-07-17 00:11:24 : 13364 steps taken, and 20856 accepted.
[3 : mcmc] Progress @ 2026-07-17 00:11:57 : 13500 steps taken, and 20903 accepted.
[2 : mcmc] Progress @ 2026-07-17 00:12:08 : 13480 steps taken, and 20905 accepted.
[0 : mcmc] Progress @ 2026-07-17 00:12:11 : 13460 steps taken, and 20899 accepted.
[1 : mcmc] Progress @ 2026-07-17 00:12:26 : 13434 steps taken, and 20867 accepted.
[3 : mcmc] Progress @ 2026-07-17 00:12:57 : 13567 steps taken, and 20916 accepted.
[2 : mcmc] Progress @ 2026-07-17 00:13:08 : 13546 steps taken, and 20918 accepted.
[0 : mcmc] Progress @ 2026-07-17 00:13:13 : 13536 steps taken, and 20913 accepted.
[1 : mcmc] Progress @ 2026-07-17 00:13:27 : 13501 steps taken, and 20880 accepted.
[1 : mcmc] Learn + convergence test @ 20880 samples accepted.
[1 : mcmc] Ready to check convergence and learn a new proposal covmat (waiting for the rest...)
[0 : mcmc] All chains are ready to check convergence and learn a new proposal covmat
[0 : mcmc]  - Acceptance rate: 0.927 = avg([np.float64(0.928450954283178), np.float64(0.924548352816153), np.float64(0.9266672571074307), np.float64(0.928717265867732)])
[0 : mcmc]  - Convergence of means: R-1 = 0.002723 after 83647 accepted steps = sum([np.int64(20917), np.int64(20880), np.int64(20926), np.int64(20924)])
[0 : mcmc]  - Updated covariance matrix of proposal pdf.
[3 : mcmc] Progress @ 2026-07-17 00:13:59 : 13633 steps taken, and 20926 accepted.
[2 : mcmc] Progress @ 2026-07-17 00:14:11 : 13619 steps taken, and 20932 accepted.
[0 : mcmc] Progress @ 2026-07-17 00:14:17 : 13608 steps taken, and 20927 accepted.
[1 : mcmc] Progress @ 2026-07-17 00:14:28 : 13558 steps taken, and 20889 accepted.
[3 : mcmc] Progress @ 2026-07-17 00:14:59 : 13710 steps taken, and 20940 accepted.
[2 : mcmc] Progress @ 2026-07-17 00:15:14 : 13694 steps taken, and 20945 accepted.
[0 : mcmc] Progress @ 2026-07-17 00:15:17 : 13681 steps taken, and 20941 accepted.
[1 : mcmc] Progress @ 2026-07-17 00:15:30 : 13622 steps taken, and 20901 accepted.
[3 : mcmc] Progress @ 2026-07-17 00:16:03 : 13779 steps taken, and 20954 accepted.
[2 : mcmc] Progress @ 2026-07-17 00:16:16 : 13764 steps taken, and 20959 accepted.
[0 : mcmc] Progress @ 2026-07-17 00:16:18 : 13748 steps taken, and 20953 accepted.
[1 : mcmc] Progress @ 2026-07-17 00:16:32 : 13701 steps taken, and 20916 accepted.
[3 : mcmc] Progress @ 2026-07-17 00:17:03 : 13842 steps taken, and 20966 accepted.
[2 : mcmc] Progress @ 2026-07-17 00:17:18 : 13849 steps taken, and 20976 accepted.
[0 : mcmc] Progress @ 2026-07-17 00:17:19 : 13818 steps taken, and 20965 accepted.
[1 : mcmc] Progress @ 2026-07-17 00:17:33 : 13768 steps taken, and 20930 accepted.
[3 : mcmc] Progress @ 2026-07-17 00:18:06 : 13932 steps taken, and 20984 accepted.
[2 : mcmc] Progress @ 2026-07-17 00:18:18 : 13905 steps taken, and 20987 accepted.
[0 : mcmc] Progress @ 2026-07-17 00:18:21 : 13880 steps taken, and 20977 accepted.
[1 : mcmc] Progress @ 2026-07-17 00:18:35 : 13845 steps taken, and 20945 accepted.
[3 : mcmc] Progress @ 2026-07-17 00:19:08 : 13993 steps taken, and 20996 accepted.
[2 : mcmc] Progress @ 2026-07-17 00:19:21 : 13980 steps taken, and 21000 accepted.
[0 : mcmc] Progress @ 2026-07-17 00:19:21 : 13958 steps taken, and 20991 accepted.
[1 : mcmc] Progress @ 2026-07-17 00:19:36 : 13917 steps taken, and 20959 accepted.
[3 : mcmc] Progress @ 2026-07-17 00:20:09 : 14075 steps taken, and 21011 accepted.
[2 : mcmc] Progress @ 2026-07-17 00:20:21 : 14049 steps taken, and 21013 accepted.
[0 : mcmc] Progress @ 2026-07-17 00:20:22 : 14029 steps taken, and 21004 accepted.
[1 : mcmc] Progress @ 2026-07-17 00:20:38 : 13986 steps taken, and 20972 accepted.
[3 : mcmc] Progress @ 2026-07-17 00:21:11 : 14140 steps taken, and 21022 accepted.
[2 : mcmc] Progress @ 2026-07-17 00:21:25 : 14129 steps taken, and 21029 accepted.
[0 : mcmc] Progress @ 2026-07-17 00:21:25 : 14111 steps taken, and 21020 accepted.
[1 : mcmc] Progress @ 2026-07-17 00:21:40 : 14070 steps taken, and 20985 accepted.
[3 : mcmc] Progress @ 2026-07-17 00:22:13 : 14212 steps taken, and 21036 accepted.
[2 : mcmc] Progress @ 2026-07-17 00:22:26 : 14201 steps taken, and 21043 accepted.
[0 : mcmc] Progress @ 2026-07-17 00:22:26 : 14172 steps taken, and 21032 accepted.
[1 : mcmc] Progress @ 2026-07-17 00:22:41 : 14130 steps taken, and 20996 accepted.
[3 : mcmc] Progress @ 2026-07-17 00:23:14 : 14287 steps taken, and 21050 accepted.
[2 : mcmc] Progress @ 2026-07-17 00:23:28 : 14279 steps taken, and 21057 accepted.
[0 : mcmc] Progress @ 2026-07-17 00:23:28 : 14245 steps taken, and 21043 accepted.
[1 : mcmc] Progress @ 2026-07-17 00:23:41 : 14208 steps taken, and 21011 accepted.
[3 : mcmc] Progress @ 2026-07-17 00:24:16 : 14361 steps taken, and 21063 accepted.
[0 : mcmc] Progress @ 2026-07-17 00:24:28 : 14312 steps taken, and 21054 accepted.
[2 : mcmc] Progress @ 2026-07-17 00:24:30 : 14352 steps taken, and 21071 accepted.
[1 : mcmc] Progress @ 2026-07-17 00:24:43 : 14286 steps taken, and 21026 accepted.
[3 : mcmc] Progress @ 2026-07-17 00:25:16 : 14431 steps taken, and 21077 accepted.
[0 : mcmc] Progress @ 2026-07-17 00:25:29 : 14378 steps taken, and 21065 accepted.
[2 : mcmc] Progress @ 2026-07-17 00:25:31 : 14426 steps taken, and 21084 accepted.
[1 : mcmc] Progress @ 2026-07-17 00:25:48 : 14346 steps taken, and 21038 accepted.
[3 : mcmc] Progress @ 2026-07-17 00:26:18 : 14503 steps taken, and 21091 accepted.
[2 : mcmc] Progress @ 2026-07-17 00:26:31 : 14491 steps taken, and 21097 accepted.
[0 : mcmc] Progress @ 2026-07-17 00:26:33 : 14464 steps taken, and 21082 accepted.
[1 : mcmc] Progress @ 2026-07-17 00:26:50 : 14420 steps taken, and 21052 accepted.
[3 : mcmc] Progress @ 2026-07-17 00:27:19 : 14568 steps taken, and 21100 accepted.
[2 : mcmc] Progress @ 2026-07-17 00:27:34 : 14571 steps taken, and 21113 accepted.
[0 : mcmc] Progress @ 2026-07-17 00:27:36 : 14529 steps taken, and 21094 accepted.
[1 : mcmc] Progress @ 2026-07-17 00:27:55 : 14516 steps taken, and 21070 accepted.
[2 : mcmc] Learn + convergence test @ 21120 samples accepted.
[2 : mcmc] Ready to check convergence and learn a new proposal covmat (waiting for the rest...)
[3 : mcmc] Progress @ 2026-07-17 00:28:21 : 14649 steps taken, and 21116 accepted.
[0 : mcmc] Progress @ 2026-07-17 00:28:36 : 14602 steps taken, and 21107 accepted.
[2 : mcmc] Progress @ 2026-07-17 00:28:39 : 14631 steps taken, and 21125 accepted.
[3 : mcmc] Learn + convergence test @ 21120 samples accepted.
[3 : mcmc] Ready to check convergence and learn a new proposal covmat (waiting for the rest...)
[1 : mcmc] Progress @ 2026-07-17 00:28:55 : 14570 steps taken, and 21081 accepted.
[3 : mcmc] Progress @ 2026-07-17 00:29:21 : 14709 steps taken, and 21127 accepted.
[0 : mcmc] Learn + convergence test @ 21120 samples accepted.
[0 : mcmc] Ready to check convergence and learn a new proposal covmat (waiting for the rest...)
[0 : mcmc] Progress @ 2026-07-17 00:29:37 : 14674 steps taken, and 21121 accepted.
[2 : mcmc] Progress @ 2026-07-17 00:29:43 : 14716 steps taken, and 21140 accepted.
[1 : mcmc] Progress @ 2026-07-17 00:29:59 : 14643 steps taken, and 21095 accepted.
[3 : mcmc] Progress @ 2026-07-17 00:30:24 : 14792 steps taken, and 21141 accepted.
[0 : mcmc] Progress @ 2026-07-17 00:30:40 : 14752 steps taken, and 21135 accepted.
[2 : mcmc] Progress @ 2026-07-17 00:30:45 : 14788 steps taken, and 21152 accepted.
[1 : mcmc] Progress @ 2026-07-17 00:30:59 : 14716 steps taken, and 21108 accepted.
[3 : mcmc] Progress @ 2026-07-17 00:31:25 : 14872 steps taken, and 21158 accepted.
[1 : mcmc] Learn + convergence test @ 21120 samples accepted.
[1 : mcmc] Ready to check convergence and learn a new proposal covmat (waiting for the rest...)
[0 : mcmc] Progress @ 2026-07-17 00:31:42 : 14822 steps taken, and 21146 accepted.
[0 : mcmc] All chains are ready to check convergence and learn a new proposal covmat
[2 : mcmc] Progress @ 2026-07-17 00:31:47 : 14874 steps taken, and 21169 accepted.
[0 : mcmc]  - Acceptance rate: 0.927 = avg([np.float64(0.9279508556384379), np.float64(0.9248554913294798), np.float64(0.9272886552781427), np.float64(0.9293115560238848)])
[0 : mcmc]  - Convergence of means: R-1 = 0.002567 after 84602 accepted steps = sum([np.int64(21147), np.int64(21120), np.int64(21169), np.int64(21166)])
[0 : mcmc]  - Updated covariance matrix of proposal pdf.
[1 : mcmc] Progress @ 2026-07-17 00:32:00 : 14776 steps taken, and 21120 accepted.
[3 : mcmc] Progress @ 2026-07-17 00:32:27 : 14946 steps taken, and 21170 accepted.
[0 : mcmc] Progress @ 2026-07-17 00:32:47 : 14892 steps taken, and 21161 accepted.
[2 : mcmc] Progress @ 2026-07-17 00:32:49 : 14935 steps taken, and 21181 accepted.
[1 : mcmc] Progress @ 2026-07-17 00:33:01 : 14850 steps taken, and 21134 accepted.
[3 : mcmc] Progress @ 2026-07-17 00:33:29 : 15018 steps taken, and 21185 accepted.
[0 : mcmc] Progress @ 2026-07-17 00:33:51 : 14973 steps taken, and 21176 accepted.
[2 : mcmc] Progress @ 2026-07-17 00:33:51 : 15007 steps taken, and 21195 accepted.
[1 : mcmc] Progress @ 2026-07-17 00:34:01 : 14920 steps taken, and 21148 accepted.
[3 : mcmc] Progress @ 2026-07-17 00:34:35 : 15091 steps taken, and 21199 accepted.
[0 : mcmc] Progress @ 2026-07-17 00:34:52 : 15040 steps taken, and 21189 accepted.
[2 : mcmc] Progress @ 2026-07-17 00:34:53 : 15079 steps taken, and 21209 accepted.
[1 : mcmc] Progress @ 2026-07-17 00:35:03 : 15001 steps taken, and 21164 accepted.
[3 : mcmc] Progress @ 2026-07-17 00:35:39 : 15175 steps taken, and 21213 accepted.
[0 : mcmc] Progress @ 2026-07-17 00:35:52 : 15114 steps taken, and 21204 accepted.
[2 : mcmc] Progress @ 2026-07-17 00:35:54 : 15151 steps taken, and 21224 accepted.
[1 : mcmc] Progress @ 2026-07-17 00:36:07 : 15070 steps taken, and 21175 accepted.
[3 : mcmc] Progress @ 2026-07-17 00:36:41 : 15249 steps taken, and 21227 accepted.
[0 : mcmc] Progress @ 2026-07-17 00:36:54 : 15185 steps taken, and 21216 accepted.
[2 : mcmc] Progress @ 2026-07-17 00:36:59 : 15226 steps taken, and 21238 accepted.
[1 : mcmc] Progress @ 2026-07-17 00:37:10 : 15146 steps taken, and 21188 accepted.
[3 : mcmc] Progress @ 2026-07-17 00:37:43 : 15323 steps taken, and 21241 accepted.
[0 : mcmc] Progress @ 2026-07-17 00:37:58 : 15263 steps taken, and 21231 accepted.
[2 : mcmc] Progress @ 2026-07-17 00:38:00 : 15297 steps taken, and 21250 accepted.
[1 : mcmc] Progress @ 2026-07-17 00:38:10 : 15216 steps taken, and 21203 accepted.
[3 : mcmc] Progress @ 2026-07-17 00:38:43 : 15383 steps taken, and 21252 accepted.
[0 : mcmc] Progress @ 2026-07-17 00:38:59 : 15331 steps taken, and 21239 accepted.
[2 : mcmc] Progress @ 2026-07-17 00:39:05 : 15369 steps taken, and 21264 accepted.
[1 : mcmc] Progress @ 2026-07-17 00:39:12 : 15287 steps taken, and 21215 accepted.
[3 : mcmc] Progress @ 2026-07-17 00:39:44 : 15465 steps taken, and 21267 accepted.
[0 : mcmc] Progress @ 2026-07-17 00:40:01 : 15414 steps taken, and 21255 accepted.
[2 : mcmc] Progress @ 2026-07-17 00:40:09 : 15449 steps taken, and 21279 accepted.
[1 : mcmc] Progress @ 2026-07-17 00:40:13 : 15359 steps taken, and 21228 accepted.
[3 : mcmc] Progress @ 2026-07-17 00:40:46 : 15546 steps taken, and 21283 accepted.
[0 : mcmc] Progress @ 2026-07-17 00:41:01 : 15473 steps taken, and 21267 accepted.
[2 : mcmc] Progress @ 2026-07-17 00:41:09 : 15519 steps taken, and 21294 accepted.
[1 : mcmc] Progress @ 2026-07-17 00:41:17 : 15432 steps taken, and 21243 accepted.
[3 : mcmc] Progress @ 2026-07-17 00:41:49 : 15611 steps taken, and 21294 accepted.
[0 : mcmc] Progress @ 2026-07-17 00:42:03 : 15542 steps taken, and 21280 accepted.
[2 : mcmc] Progress @ 2026-07-17 00:42:10 : 15595 steps taken, and 21308 accepted.
[1 : mcmc] Progress @ 2026-07-17 00:42:17 : 15500 steps taken, and 21256 accepted.
[3 : mcmc] Progress @ 2026-07-17 00:42:49 : 15679 steps taken, and 21306 accepted.
[0 : mcmc] Progress @ 2026-07-17 00:43:04 : 15618 steps taken, and 21293 accepted.
[2 : mcmc] Progress @ 2026-07-17 00:43:12 : 15658 steps taken, and 21319 accepted.
[1 : mcmc] Progress @ 2026-07-17 00:43:19 : 15573 steps taken, and 21270 accepted.
[3 : mcmc] Progress @ 2026-07-17 00:43:50 : 15746 steps taken, and 21318 accepted.
[0 : mcmc] Progress @ 2026-07-17 00:44:08 : 15704 steps taken, and 21311 accepted.
[2 : mcmc] Progress @ 2026-07-17 00:44:14 : 15729 steps taken, and 21333 accepted.
[1 : mcmc] Progress @ 2026-07-17 00:44:22 : 15636 steps taken, and 21282 accepted.
[3 : mcmc] Progress @ 2026-07-17 00:44:51 : 15820 steps taken, and 21332 accepted.
[0 : mcmc] Progress @ 2026-07-17 00:45:09 : 15771 steps taken, and 21324 accepted.
[2 : mcmc] Progress @ 2026-07-17 00:45:15 : 15802 steps taken, and 21346 accepted.
[1 : mcmc] Progress @ 2026-07-17 00:45:24 : 15723 steps taken, and 21300 accepted.
[3 : mcmc] Progress @ 2026-07-17 00:45:53 : 15892 steps taken, and 21347 accepted.
[2 : mcmc] Learn + convergence test @ 21360 samples accepted.
[2 : mcmc] Ready to check convergence and learn a new proposal covmat (waiting for the rest...)
[0 : mcmc] Progress @ 2026-07-17 00:46:09 : 15839 steps taken, and 21338 accepted.
[2 : mcmc] Progress @ 2026-07-17 00:46:19 : 15895 steps taken, and 21364 accepted.
[1 : mcmc] Progress @ 2026-07-17 00:46:24 : 15788 steps taken, and 21312 accepted.
[3 : mcmc] Learn + convergence test @ 21360 samples accepted.
[3 : mcmc] Ready to check convergence and learn a new proposal covmat (waiting for the rest...)
[3 : mcmc] Progress @ 2026-07-17 00:46:55 : 15967 steps taken, and 21362 accepted.
[0 : mcmc] Progress @ 2026-07-17 00:47:10 : 15905 steps taken, and 21348 accepted.
[2 : mcmc] Progress @ 2026-07-17 00:47:24 : 15963 steps taken, and 21376 accepted.
[1 : mcmc] Progress @ 2026-07-17 00:47:27 : 15871 steps taken, and 21328 accepted.
[3 : mcmc] Progress @ 2026-07-17 00:47:57 : 16038 steps taken, and 21373 accepted.
[0 : mcmc] Learn + convergence test @ 21360 samples accepted.
[0 : mcmc] Ready to check convergence and learn a new proposal covmat (waiting for the rest...)
[0 : mcmc] Progress @ 2026-07-17 00:48:14 : 15993 steps taken, and 21364 accepted.
[2 : mcmc] Progress @ 2026-07-17 00:48:27 : 16044 steps taken, and 21391 accepted.
[1 : mcmc] Progress @ 2026-07-17 00:48:28 : 15941 steps taken, and 21342 accepted.
[3 : mcmc] Progress @ 2026-07-17 00:49:02 : 16108 steps taken, and 21387 accepted.
[0 : mcmc] Progress @ 2026-07-17 00:49:19 : 16061 steps taken, and 21377 accepted.
[1 : mcmc] Progress @ 2026-07-17 00:49:29 : 16002 steps taken, and 21352 accepted.
[2 : mcmc] Progress @ 2026-07-17 00:49:30 : 16119 steps taken, and 21405 accepted.
[1 : mcmc] Learn + convergence test @ 21360 samples accepted.
[1 : mcmc] Ready to check convergence and learn a new proposal covmat (waiting for the rest...)
[0 : mcmc] All chains are ready to check convergence and learn a new proposal covmat
[3 : mcmc] Progress @ 2026-07-17 00:50:03 : 16190 steps taken, and 21401 accepted.
[0 : mcmc]  - Acceptance rate: 0.928 = avg([np.float64(0.9282986111111111), np.float64(0.9256370254810192), np.float64(0.9277358981024175), np.float64(0.92890625)])
[0 : mcmc]  - Convergence of means: R-1 = 0.002359 after 85563 accepted steps = sum([np.int64(21388), np.int64(21360), np.int64(21413), np.int64(21402)])
[0 : mcmc]  - Updated covariance matrix of proposal pdf.
[0 : mcmc] Progress @ 2026-07-17 00:50:24 : 16136 steps taken, and 21392 accepted.
[1 : mcmc] Progress @ 2026-07-17 00:50:30 : 16079 steps taken, and 21367 accepted.
[2 : mcmc] Progress @ 2026-07-17 00:50:31 : 16194 steps taken, and 21420 accepted.
[3 : mcmc] Progress @ 2026-07-17 00:51:03 : 16256 steps taken, and 21413 accepted.
[0 : mcmc] Progress @ 2026-07-17 00:51:24 : 16214 steps taken, and 21408 accepted.
[1 : mcmc] Progress @ 2026-07-17 00:51:31 : 16148 steps taken, and 21380 accepted.
[2 : mcmc] Progress @ 2026-07-17 00:51:32 : 16260 steps taken, and 21433 accepted.
[3 : mcmc] Progress @ 2026-07-17 00:52:05 : 16330 steps taken, and 21427 accepted.
[0 : mcmc] Progress @ 2026-07-17 00:52:26 : 16281 steps taken, and 21420 accepted.
[1 : mcmc] Progress @ 2026-07-17 00:52:33 : 16220 steps taken, and 21394 accepted.
[2 : mcmc] Progress @ 2026-07-17 00:52:34 : 16343 steps taken, and 21448 accepted.
[3 : mcmc] Progress @ 2026-07-17 00:53:06 : 16402 steps taken, and 21440 accepted.
[0 : mcmc] Progress @ 2026-07-17 00:53:27 : 16348 steps taken, and 21430 accepted.
[1 : mcmc] Progress @ 2026-07-17 00:53:33 : 16282 steps taken, and 21405 accepted.
[2 : mcmc] Progress @ 2026-07-17 00:53:35 : 16408 steps taken, and 21461 accepted.
[3 : mcmc] Progress @ 2026-07-17 00:54:07 : 16465 steps taken, and 21452 accepted.
[0 : mcmc] Progress @ 2026-07-17 00:54:29 : 16434 steps taken, and 21447 accepted.
[2 : mcmc] Progress @ 2026-07-17 00:54:36 : 16479 steps taken, and 21474 accepted.
[1 : mcmc] Progress @ 2026-07-17 00:54:37 : 16362 steps taken, and 21419 accepted.
[3 : mcmc] Progress @ 2026-07-17 00:55:09 : 16539 steps taken, and 21467 accepted.
[0 : mcmc] Progress @ 2026-07-17 00:55:30 : 16504 steps taken, and 21460 accepted.
[2 : mcmc] Progress @ 2026-07-17 00:55:36 : 16545 steps taken, and 21487 accepted.
[1 : mcmc] Progress @ 2026-07-17 00:55:38 : 16436 steps taken, and 21430 accepted.
[3 : mcmc] Progress @ 2026-07-17 00:56:11 : 16614 steps taken, and 21482 accepted.
[0 : mcmc] Progress @ 2026-07-17 00:56:30 : 16565 steps taken, and 21472 accepted.
[1 : mcmc] Progress @ 2026-07-17 00:56:38 : 16502 steps taken, and 21444 accepted.
[2 : mcmc] Progress @ 2026-07-17 00:56:39 : 16628 steps taken, and 21502 accepted.
[3 : mcmc] Progress @ 2026-07-17 00:57:11 : 16679 steps taken, and 21494 accepted.
[0 : mcmc] Progress @ 2026-07-17 00:57:32 : 16637 steps taken, and 21485 accepted.
[1 : mcmc] Progress @ 2026-07-17 00:57:39 : 16573 steps taken, and 21456 accepted.
[2 : mcmc] Progress @ 2026-07-17 00:57:42 : 16699 steps taken, and 21517 accepted.
[3 : mcmc] Progress @ 2026-07-17 00:58:15 : 16762 steps taken, and 21510 accepted.
[0 : mcmc] Progress @ 2026-07-17 00:58:35 : 16706 steps taken, and 21499 accepted.
[1 : mcmc] Progress @ 2026-07-17 00:58:40 : 16641 steps taken, and 21469 accepted.
[2 : mcmc] Progress @ 2026-07-17 00:58:43 : 16767 steps taken, and 21530 accepted.
[3 : mcmc] Progress @ 2026-07-17 00:59:15 : 16835 steps taken, and 21524 accepted.
[0 : mcmc] Progress @ 2026-07-17 00:59:35 : 16773 steps taken, and 21513 accepted.
[1 : mcmc] Progress @ 2026-07-17 00:59:41 : 16714 steps taken, and 21483 accepted.
[2 : mcmc] Progress @ 2026-07-17 00:59:43 : 16833 steps taken, and 21543 accepted.
[3 : mcmc] Progress @ 2026-07-17 01:00:16 : 16910 steps taken, and 21538 accepted.
[0 : mcmc] Progress @ 2026-07-17 01:00:39 : 16854 steps taken, and 21528 accepted.
[1 : mcmc] Progress @ 2026-07-17 01:00:42 : 16785 steps taken, and 21495 accepted.
[2 : mcmc] Progress @ 2026-07-17 01:00:44 : 16898 steps taken, and 21556 accepted.
[3 : mcmc] Progress @ 2026-07-17 01:01:19 : 16983 steps taken, and 21550 accepted.
[0 : mcmc] Progress @ 2026-07-17 01:01:39 : 16916 steps taken, and 21539 accepted.
[1 : mcmc] Progress @ 2026-07-17 01:01:43 : 16857 steps taken, and 21510 accepted.
[2 : mcmc] Progress @ 2026-07-17 01:01:46 : 16988 steps taken, and 21573 accepted.
[3 : mcmc] Progress @ 2026-07-17 01:02:20 : 17056 steps taken, and 21564 accepted.
[0 : mcmc] Progress @ 2026-07-17 01:02:41 : 16983 steps taken, and 21551 accepted.
[1 : mcmc] Progress @ 2026-07-17 01:02:45 : 16931 steps taken, and 21523 accepted.
[2 : mcmc] Progress @ 2026-07-17 01:02:49 : 17075 steps taken, and 21589 accepted.
[3 : mcmc] Progress @ 2026-07-17 01:03:21 : 17122 steps taken, and 21575 accepted.
[2 : mcmc] Learn + convergence test @ 21600 samples accepted.
[2 : mcmc] Ready to check convergence and learn a new proposal covmat (waiting for the rest...)
[0 : mcmc] Progress @ 2026-07-17 01:03:43 : 17071 steps taken, and 21567 accepted.
[1 : mcmc] Progress @ 2026-07-17 01:03:45 : 17006 steps taken, and 21538 accepted.
[2 : mcmc] Progress @ 2026-07-17 01:03:52 : 17150 steps taken, and 21603 accepted.
[3 : mcmc] Progress @ 2026-07-17 01:04:23 : 17197 steps taken, and 21589 accepted.
[1 : mcmc] Progress @ 2026-07-17 01:04:49 : 17078 steps taken, and 21550 accepted.
[0 : mcmc] Progress @ 2026-07-17 01:04:49 : 17135 steps taken, and 21578 accepted.
[2 : mcmc] Progress @ 2026-07-17 01:04:52 : 17201 steps taken, and 21609 accepted.
[3 : mcmc] Learn + convergence test @ 21600 samples accepted.
[3 : mcmc] Ready to check convergence and learn a new proposal covmat (waiting for the rest...)
[3 : mcmc] Progress @ 2026-07-17 01:05:26 : 17268 steps taken, and 21601 accepted.
[1 : mcmc] Progress @ 2026-07-17 01:05:49 : 17148 steps taken, and 21562 accepted.
[0 : mcmc] Progress @ 2026-07-17 01:05:52 : 17206 steps taken, and 21591 accepted.
[2 : mcmc] Progress @ 2026-07-17 01:05:53 : 17267 steps taken, and 21623 accepted.
[3 : mcmc] Progress @ 2026-07-17 01:06:27 : 17338 steps taken, and 21614 accepted.
[0 : mcmc] Learn + convergence test @ 21600 samples accepted.
[0 : mcmc] Ready to check convergence and learn a new proposal covmat (waiting for the rest...)
[1 : mcmc] Progress @ 2026-07-17 01:06:49 : 17230 steps taken, and 21578 accepted.
[2 : mcmc] Progress @ 2026-07-17 01:06:53 : 17335 steps taken, and 21636 accepted.
[0 : mcmc] Progress @ 2026-07-17 01:06:57 : 17298 steps taken, and 21608 accepted.
[3 : mcmc] Progress @ 2026-07-17 01:07:29 : 17413 steps taken, and 21627 accepted.
[1 : mcmc] Progress @ 2026-07-17 01:07:51 : 17293 steps taken, and 21590 accepted.
[2 : mcmc] Progress @ 2026-07-17 01:07:55 : 17412 steps taken, and 21649 accepted.
[0 : mcmc] Progress @ 2026-07-17 01:07:58 : 17367 steps taken, and 21623 accepted.
[3 : mcmc] Progress @ 2026-07-17 01:08:32 : 17490 steps taken, and 21641 accepted.
[1 : mcmc] Progress @ 2026-07-17 01:08:54 : 17354 steps taken, and 21598 accepted.
[1 : mcmc] Learn + convergence test @ 21600 samples accepted.
[1 : mcmc] Ready to check convergence and learn a new proposal covmat (waiting for the rest...)
[2 : mcmc] Progress @ 2026-07-17 01:08:58 : 17496 steps taken, and 21665 accepted.
[0 : mcmc] Progress @ 2026-07-17 01:08:59 : 17435 steps taken, and 21636 accepted.
[0 : mcmc] All chains are ready to check convergence and learn a new proposal covmat
[0 : mcmc]  - Acceptance rate: 0.928 = avg([np.float64(0.9288289835164835), np.float64(0.9248950929177014), np.float64(0.9281185743660041), np.float64(0.9292582417582418)])
[0 : mcmc]  - Convergence of means: R-1 = 0.003664 after 86551 accepted steps = sum([np.int64(21637), np.int64(21600), np.int64(21666), np.int64(21648)])
[0 : mcmc]  - Updated covariance matrix of proposal pdf.
[3 : mcmc] Progress @ 2026-07-17 01:09:32 : 17558 steps taken, and 21651 accepted.
[1 : mcmc] Progress @ 2026-07-17 01:09:56 : 17423 steps taken, and 21612 accepted.
[0 : mcmc] Progress @ 2026-07-17 01:10:02 : 17484 steps taken, and 21644 accepted.
[2 : mcmc] Progress @ 2026-07-17 01:10:03 : 17551 steps taken, and 21676 accepted.
[3 : mcmc] Progress @ 2026-07-17 01:10:37 : 17616 steps taken, and 21662 accepted.
[1 : mcmc] Progress @ 2026-07-17 01:11:00 : 17487 steps taken, and 21624 accepted.
[0 : mcmc] Progress @ 2026-07-17 01:11:04 : 17564 steps taken, and 21659 accepted.
[2 : mcmc] Progress @ 2026-07-17 01:11:05 : 17641 steps taken, and 21692 accepted.
[3 : mcmc] Progress @ 2026-07-17 01:11:39 : 17697 steps taken, and 21677 accepted.
[1 : mcmc] Progress @ 2026-07-17 01:12:00 : 17568 steps taken, and 21639 accepted.
[0 : mcmc] Progress @ 2026-07-17 01:12:06 : 17638 steps taken, and 21675 accepted.
[2 : mcmc] Progress @ 2026-07-17 01:12:08 : 17717 steps taken, and 21705 accepted.
[3 : mcmc] Progress @ 2026-07-17 01:12:41 : 17778 steps taken, and 21693 accepted.
[1 : mcmc] Progress @ 2026-07-17 01:13:01 : 17637 steps taken, and 21654 accepted.
[2 : mcmc] Progress @ 2026-07-17 01:13:08 : 17778 steps taken, and 21717 accepted.
[0 : mcmc] Progress @ 2026-07-17 01:13:09 : 17712 steps taken, and 21689 accepted.
[3 : mcmc] Progress @ 2026-07-17 01:13:43 : 17854 steps taken, and 21706 accepted.
[1 : mcmc] Progress @ 2026-07-17 01:14:03 : 17706 steps taken, and 21666 accepted.
[0 : mcmc] Progress @ 2026-07-17 01:14:09 : 17771 steps taken, and 21701 accepted.
[2 : mcmc] Progress @ 2026-07-17 01:14:11 : 17848 steps taken, and 21731 accepted.
[3 : mcmc] Progress @ 2026-07-17 01:14:44 : 17920 steps taken, and 21719 accepted.
[1 : mcmc] Progress @ 2026-07-17 01:15:05 : 17783 steps taken, and 21682 accepted.
[0 : mcmc] Progress @ 2026-07-17 01:15:10 : 17844 steps taken, and 21715 accepted.
[2 : mcmc] Progress @ 2026-07-17 01:15:12 : 17923 steps taken, and 21745 accepted.
[3 : mcmc] Progress @ 2026-07-17 01:15:44 : 17989 steps taken, and 21732 accepted.
[1 : mcmc] Progress @ 2026-07-17 01:16:06 : 17856 steps taken, and 21695 accepted.
[2 : mcmc] Progress @ 2026-07-17 01:16:14 : 18000 steps taken, and 21760 accepted.
[0 : mcmc] Progress @ 2026-07-17 01:16:15 : 17926 steps taken, and 21728 accepted.
[3 : mcmc] Progress @ 2026-07-17 01:16:46 : 18064 steps taken, and 21747 accepted.
[1 : mcmc] Progress @ 2026-07-17 01:17:07 : 17924 steps taken, and 21707 accepted.
[2 : mcmc] Progress @ 2026-07-17 01:17:14 : 18066 steps taken, and 21772 accepted.
[0 : mcmc] Progress @ 2026-07-17 01:17:16 : 18006 steps taken, and 21742 accepted.
[3 : mcmc] Progress @ 2026-07-17 01:17:51 : 18136 steps taken, and 21760 accepted.
[1 : mcmc] Progress @ 2026-07-17 01:18:09 : 17999 steps taken, and 21722 accepted.
[2 : mcmc] Progress @ 2026-07-17 01:18:19 : 18133 steps taken, and 21783 accepted.
[0 : mcmc] Progress @ 2026-07-17 01:18:21 : 18076 steps taken, and 21756 accepted.
[3 : mcmc] Progress @ 2026-07-17 01:18:52 : 18208 steps taken, and 21773 accepted.
[1 : mcmc] Progress @ 2026-07-17 01:19:10 : 18070 steps taken, and 21735 accepted.
[2 : mcmc] Progress @ 2026-07-17 01:19:19 : 18208 steps taken, and 21797 accepted.
[0 : mcmc] Progress @ 2026-07-17 01:19:25 : 18158 steps taken, and 21772 accepted.
[3 : mcmc] Progress @ 2026-07-17 01:19:52 : 18274 steps taken, and 21785 accepted.
[1 : mcmc] Progress @ 2026-07-17 01:20:11 : 18142 steps taken, and 21748 accepted.
[2 : mcmc] Progress @ 2026-07-17 01:20:20 : 18278 steps taken, and 21810 accepted.
[0 : mcmc] Progress @ 2026-07-17 01:20:25 : 18229 steps taken, and 21784 accepted.
[3 : mcmc] Progress @ 2026-07-17 01:20:54 : 18349 steps taken, and 21799 accepted.
[1 : mcmc] Progress @ 2026-07-17 01:21:14 : 18215 steps taken, and 21761 accepted.
[2 : mcmc] Progress @ 2026-07-17 01:21:22 : 18350 steps taken, and 21823 accepted.
[0 : mcmc] Progress @ 2026-07-17 01:21:25 : 18297 steps taken, and 21797 accepted.
[3 : mcmc] Progress @ 2026-07-17 01:21:55 : 18423 steps taken, and 21813 accepted.
[1 : mcmc] Progress @ 2026-07-17 01:22:18 : 18294 steps taken, and 21776 accepted.
[2 : mcmc] Progress @ 2026-07-17 01:22:22 : 18404 steps taken, and 21833 accepted.
[0 : mcmc] Progress @ 2026-07-17 01:22:26 : 18351 steps taken, and 21807 accepted.
[2 : mcmc] Learn + convergence test @ 21840 samples accepted.
[2 : mcmc] Ready to check convergence and learn a new proposal covmat (waiting for the rest...)
[3 : mcmc] Progress @ 2026-07-17 01:22:57 : 18494 steps taken, and 21827 accepted.
[1 : mcmc] Progress @ 2026-07-17 01:23:20 : 18358 steps taken, and 21788 accepted.
[2 : mcmc] Progress @ 2026-07-17 01:23:28 : 18494 steps taken, and 21852 accepted.
[0 : mcmc] Progress @ 2026-07-17 01:23:30 : 18444 steps taken, and 21823 accepted.
[3 : mcmc] Learn + convergence test @ 21840 samples accepted.
[3 : mcmc] Ready to check convergence and learn a new proposal covmat (waiting for the rest...)
[3 : mcmc] Progress @ 2026-07-17 01:24:01 : 18583 steps taken, and 21842 accepted.
[1 : mcmc] Progress @ 2026-07-17 01:24:20 : 18423 steps taken, and 21798 accepted.
[2 : mcmc] Progress @ 2026-07-17 01:24:31 : 18572 steps taken, and 21867 accepted.
[0 : mcmc] Progress @ 2026-07-17 01:24:31 : 18509 steps taken, and 21835 accepted.
[0 : mcmc] Learn + convergence test @ 21840 samples accepted.
[0 : mcmc] Ready to check convergence and learn a new proposal covmat (waiting for the rest...)
[3 : mcmc] Progress @ 2026-07-17 01:25:05 : 18636 steps taken, and 21852 accepted.
[1 : mcmc] Progress @ 2026-07-17 01:25:21 : 18506 steps taken, and 21813 accepted.
[0 : mcmc] Progress @ 2026-07-17 01:25:32 : 18582 steps taken, and 21849 accepted.
[2 : mcmc] Progress @ 2026-07-17 01:25:35 : 18644 steps taken, and 21881 accepted.
[3 : mcmc] Progress @ 2026-07-17 01:26:08 : 18702 steps taken, and 21864 accepted.
[1 : mcmc] Progress @ 2026-07-17 01:26:22 : 18564 steps taken, and 21823 accepted.
[0 : mcmc] Progress @ 2026-07-17 01:26:34 : 18655 steps taken, and 21863 accepted.
[2 : mcmc] Progress @ 2026-07-17 01:26:38 : 18719 steps taken, and 21894 accepted.
[3 : mcmc] Progress @ 2026-07-17 01:27:12 : 18795 steps taken, and 21882 accepted.
[1 : mcmc] Progress @ 2026-07-17 01:27:25 : 18647 steps taken, and 21839 accepted.
[1 : mcmc] Learn + convergence test @ 21840 samples accepted.
[1 : mcmc] Ready to check convergence and learn a new proposal covmat (waiting for the rest...)
[0 : mcmc] Progress @ 2026-07-17 01:27:36 : 18725 steps taken, and 21876 accepted.
[0 : mcmc] All chains are ready to check convergence and learn a new proposal covmat
[0 : mcmc]  - Acceptance rate: 0.928 = avg([np.float64(0.9286866457254436), np.float64(0.9250317662007624), np.float64(0.9290924512298558), np.float64(0.9294267515923567)])
[0 : mcmc]  - Convergence of means: R-1 = 0.003943 after 87512 accepted steps = sum([np.int64(21877), np.int64(21840), np.int64(21907), np.int64(21888)])
[0 : mcmc]  - Updated covariance matrix of proposal pdf.
[2 : mcmc] Progress @ 2026-07-17 01:27:43 : 18796 steps taken, and 21909 accepted.
[3 : mcmc] Progress @ 2026-07-17 01:28:16 : 18861 steps taken, and 21894 accepted.
 Warning: xe at redshift zero is < 1
 Check input parameters an Reionization_xe
 function in the Reionization module
[1 : mcmc] Progress @ 2026-07-17 01:28:26 : 18707 steps taken, and 21850 accepted.
[0 : mcmc] Progress @ 2026-07-17 01:28:38 : 18793 steps taken, and 21889 accepted.
[2 : mcmc] Progress @ 2026-07-17 01:28:47 : 18864 steps taken, and 21922 accepted.
[3 : mcmc] Progress @ 2026-07-17 01:29:20 : 18944 steps taken, and 21910 accepted.
[1 : mcmc] Progress @ 2026-07-17 01:29:31 : 18779 steps taken, and 21862 accepted.
[0 : mcmc] Progress @ 2026-07-17 01:29:38 : 18860 steps taken, and 21902 accepted.
[2 : mcmc] Progress @ 2026-07-17 01:29:49 : 18932 steps taken, and 21936 accepted.
[3 : mcmc] Progress @ 2026-07-17 01:30:23 : 19021 steps taken, and 21925 accepted.
[1 : mcmc] Progress @ 2026-07-17 01:30:33 : 18852 steps taken, and 21875 accepted.
[0 : mcmc] Progress @ 2026-07-17 01:30:40 : 18935 steps taken, and 21916 accepted.
[2 : mcmc] Progress @ 2026-07-17 01:30:49 : 19006 steps taken, and 21950 accepted.
[3 : mcmc] Progress @ 2026-07-17 01:31:24 : 19080 steps taken, and 21935 accepted.
[1 : mcmc] Progress @ 2026-07-17 01:31:34 : 18915 steps taken, and 21885 accepted.
[0 : mcmc] Progress @ 2026-07-17 01:31:40 : 19014 steps taken, and 21932 accepted.
[2 : mcmc] Progress @ 2026-07-17 01:31:50 : 19079 steps taken, and 21965 accepted.
[3 : mcmc] Progress @ 2026-07-17 01:32:24 : 19158 steps taken, and 21949 accepted.
[1 : mcmc] Progress @ 2026-07-17 01:32:38 : 18991 steps taken, and 21900 accepted.
[0 : mcmc] Progress @ 2026-07-17 01:32:42 : 19078 steps taken, and 21943 accepted.
[2 : mcmc] Progress @ 2026-07-17 01:32:52 : 19145 steps taken, and 21975 accepted.
[3 : mcmc] Progress @ 2026-07-17 01:33:25 : 19229 steps taken, and 21962 accepted.
[1 : mcmc] Progress @ 2026-07-17 01:33:39 : 19072 steps taken, and 21917 accepted.
[0 : mcmc] Progress @ 2026-07-17 01:33:44 : 19156 steps taken, and 21959 accepted.
[2 : mcmc] Progress @ 2026-07-17 01:33:52 : 19211 steps taken, and 21986 accepted.
[3 : mcmc] Progress @ 2026-07-17 01:34:27 : 19307 steps taken, and 21978 accepted.
[1 : mcmc] Progress @ 2026-07-17 01:34:41 : 19148 steps taken, and 21932 accepted.
[0 : mcmc] Progress @ 2026-07-17 01:34:45 : 19228 steps taken, and 21972 accepted.
[2 : mcmc] Progress @ 2026-07-17 01:34:53 : 19294 steps taken, and 22003 accepted.
[3 : mcmc] Progress @ 2026-07-17 01:35:29 : 19376 steps taken, and 21991 accepted.
[1 : mcmc] Progress @ 2026-07-17 01:35:41 : 19219 steps taken, and 21946 accepted.
[0 : mcmc] Progress @ 2026-07-17 01:35:47 : 19297 steps taken, and 21985 accepted.
[2 : mcmc] Progress @ 2026-07-17 01:35:58 : 19369 steps taken, and 22016 accepted.
[3 : mcmc] Progress @ 2026-07-17 01:36:30 : 19442 steps taken, and 22004 accepted.
[1 : mcmc] Progress @ 2026-07-17 01:36:44 : 19288 steps taken, and 21958 accepted.
[0 : mcmc] Progress @ 2026-07-17 01:36:49 : 19376 steps taken, and 22000 accepted.
[2 : mcmc] Progress @ 2026-07-17 01:37:03 : 19438 steps taken, and 22029 accepted.
[3 : mcmc] Progress @ 2026-07-17 01:37:34 : 19518 steps taken, and 22017 accepted.
[1 : mcmc] Progress @ 2026-07-17 01:37:46 : 19357 steps taken, and 21972 accepted.
[0 : mcmc] Progress @ 2026-07-17 01:37:51 : 19452 steps taken, and 22015 accepted.
[2 : mcmc] Progress @ 2026-07-17 01:38:05 : 19513 steps taken, and 22043 accepted.
[3 : mcmc] Progress @ 2026-07-17 01:38:35 : 19589 steps taken, and 22031 accepted.
[1 : mcmc] Progress @ 2026-07-17 01:38:48 : 19446 steps taken, and 21988 accepted.
[0 : mcmc] Progress @ 2026-07-17 01:38:53 : 19516 steps taken, and 22027 accepted.
[2 : mcmc] Progress @ 2026-07-17 01:39:09 : 19592 steps taken, and 22056 accepted.
[3 : mcmc] Progress @ 2026-07-17 01:39:37 : 19664 steps taken, and 22045 accepted.
[1 : mcmc] Progress @ 2026-07-17 01:39:50 : 19504 steps taken, and 21999 accepted.
[0 : mcmc] Progress @ 2026-07-17 01:39:53 : 19592 steps taken, and 22042 accepted.
[2 : mcmc] Progress @ 2026-07-17 01:40:14 : 19662 steps taken, and 22070 accepted.
[3 : mcmc] Progress @ 2026-07-17 01:40:37 : 19736 steps taken, and 22059 accepted.
[2 : mcmc] Learn + convergence test @ 22080 samples accepted.
[2 : mcmc] Ready to check convergence and learn a new proposal covmat (waiting for the rest...)
[1 : mcmc] Progress @ 2026-07-17 01:40:52 : 19574 steps taken, and 22012 accepted.
[0 : mcmc] Progress @ 2026-07-17 01:40:57 : 19666 steps taken, and 22056 accepted.
[2 : mcmc] Progress @ 2026-07-17 01:41:15 : 19725 steps taken, and 22082 accepted.
[3 : mcmc] Progress @ 2026-07-17 01:41:39 : 19805 steps taken, and 22073 accepted.
[1 : mcmc] Progress @ 2026-07-17 01:41:53 : 19647 steps taken, and 22026 accepted.
[0 : mcmc] Progress @ 2026-07-17 01:41:57 : 19734 steps taken, and 22069 accepted.
[3 : mcmc] Learn + convergence test @ 22080 samples accepted.
[3 : mcmc] Ready to check convergence and learn a new proposal covmat (waiting for the rest...)
[2 : mcmc] Progress @ 2026-07-17 01:42:19 : 19810 steps taken, and 22100 accepted.
[0 : mcmc] Learn + convergence test @ 22080 samples accepted.
[0 : mcmc] Ready to check convergence and learn a new proposal covmat (waiting for the rest...)
[3 : mcmc] Progress @ 2026-07-17 01:42:41 : 19874 steps taken, and 22086 accepted.
[1 : mcmc] Progress @ 2026-07-17 01:42:54 : 19717 steps taken, and 22039 accepted.
[0 : mcmc] Progress @ 2026-07-17 01:42:58 : 19806 steps taken, and 22083 accepted.
[2 : mcmc] Progress @ 2026-07-17 01:43:21 : 19891 steps taken, and 22116 accepted.
[3 : mcmc] Progress @ 2026-07-17 01:43:43 : 19954 steps taken, and 22101 accepted.
[1 : mcmc] Progress @ 2026-07-17 01:43:54 : 19796 steps taken, and 22055 accepted.
[0 : mcmc] Progress @ 2026-07-17 01:44:00 : 19891 steps taken, and 22099 accepted.
[2 : mcmc] Progress @ 2026-07-17 01:44:22 : 19961 steps taken, and 22128 accepted.
[3 : mcmc] Progress @ 2026-07-17 01:44:45 : 20020 steps taken, and 22113 accepted.
[1 : mcmc] Progress @ 2026-07-17 01:44:58 : 19859 steps taken, and 22066 accepted.
[0 : mcmc] Progress @ 2026-07-17 01:45:00 : 19946 steps taken, and 22109 accepted.
[2 : mcmc] Progress @ 2026-07-17 01:45:24 : 20028 steps taken, and 22141 accepted.
[3 : mcmc] Progress @ 2026-07-17 01:45:46 : 20091 steps taken, and 22128 accepted.
[1 : mcmc] Progress @ 2026-07-17 01:45:58 : 19928 steps taken, and 22079 accepted.
[1 : mcmc] Learn + convergence test @ 22080 samples accepted.
[1 : mcmc] Ready to check convergence and learn a new proposal covmat (waiting for the rest...)
[0 : mcmc] Progress @ 2026-07-17 01:46:01 : 20018 steps taken, and 22123 accepted.
[0 : mcmc] All chains are ready to check convergence and learn a new proposal covmat
[0 : mcmc]  - Acceptance rate: 0.929 = avg([np.float64(0.9289553241518307), np.float64(0.9255533199195171), np.float64(0.9296625818364949), np.float64(0.9299218553062768)])
[0 : mcmc]  - Convergence of means: R-1 = 0.004552 after 88488 accepted steps = sum([np.int64(22124), np.int64(22080), np.int64(22151), np.int64(22133)])
[0 : mcmc]  - Updated covariance matrix of proposal pdf.
[2 : mcmc] Progress @ 2026-07-17 01:46:24 : 20108 steps taken, and 22156 accepted.
[3 : mcmc] Progress @ 2026-07-17 01:46:50 : 20167 steps taken, and 22142 accepted.
[1 : mcmc] Progress @ 2026-07-17 01:46:59 : 19993 steps taken, and 22093 accepted.
[0 : mcmc] Progress @ 2026-07-17 01:47:04 : 20082 steps taken, and 22135 accepted.
[2 : mcmc] Progress @ 2026-07-17 01:47:27 : 20169 steps taken, and 22168 accepted.
[3 : mcmc] Progress @ 2026-07-17 01:47:55 : 20246 steps taken, and 22157 accepted.
[1 : mcmc] Progress @ 2026-07-17 01:48:02 : 20063 steps taken, and 22105 accepted.
[0 : mcmc] Progress @ 2026-07-17 01:48:10 : 20163 steps taken, and 22152 accepted.
[2 : mcmc] Progress @ 2026-07-17 01:48:28 : 20247 steps taken, and 22183 accepted.
[3 : mcmc] Progress @ 2026-07-17 01:48:56 : 20302 steps taken, and 22165 accepted.
[1 : mcmc] Progress @ 2026-07-17 01:49:02 : 20129 steps taken, and 22118 accepted.
[0 : mcmc] Progress @ 2026-07-17 01:49:10 : 20232 steps taken, and 22162 accepted.
[2 : mcmc] Progress @ 2026-07-17 01:49:28 : 20310 steps taken, and 22194 accepted.
[3 : mcmc] Progress @ 2026-07-17 01:49:56 : 20382 steps taken, and 22180 accepted.
[1 : mcmc] Progress @ 2026-07-17 01:50:06 : 20205 steps taken, and 22132 accepted.
[0 : mcmc] Progress @ 2026-07-17 01:50:12 : 20307 steps taken, and 22176 accepted.
[2 : mcmc] Progress @ 2026-07-17 01:50:32 : 20391 steps taken, and 22207 accepted.
[3 : mcmc] Progress @ 2026-07-17 01:51:00 : 20468 steps taken, and 22198 accepted.
[1 : mcmc] Progress @ 2026-07-17 01:51:07 : 20266 steps taken, and 22142 accepted.
[0 : mcmc] Progress @ 2026-07-17 01:51:14 : 20368 steps taken, and 22188 accepted.
[2 : mcmc] Progress @ 2026-07-17 01:51:32 : 20470 steps taken, and 22222 accepted.
[3 : mcmc] Progress @ 2026-07-17 01:52:01 : 20529 steps taken, and 22210 accepted.
[1 : mcmc] Progress @ 2026-07-17 01:52:09 : 20351 steps taken, and 22158 accepted.
[0 : mcmc] Progress @ 2026-07-17 01:52:15 : 20450 steps taken, and 22204 accepted.
[2 : mcmc] Progress @ 2026-07-17 01:52:34 : 20542 steps taken, and 22234 accepted.
[3 : mcmc] Progress @ 2026-07-17 01:53:06 : 20596 steps taken, and 22223 accepted.
[1 : mcmc] Progress @ 2026-07-17 01:53:11 : 20424 steps taken, and 22173 accepted.
[0 : mcmc] Progress @ 2026-07-17 01:53:17 : 20521 steps taken, and 22218 accepted.
[2 : mcmc] Progress @ 2026-07-17 01:53:35 : 20609 steps taken, and 22245 accepted.
[3 : mcmc] Progress @ 2026-07-17 01:54:10 : 20674 steps taken, and 22237 accepted.
[1 : mcmc] Progress @ 2026-07-17 01:54:12 : 20495 steps taken, and 22187 accepted.
[0 : mcmc] Progress @ 2026-07-17 01:54:17 : 20588 steps taken, and 22230 accepted.
[2 : mcmc] Progress @ 2026-07-17 01:54:37 : 20681 steps taken, and 22259 accepted.
[3 : mcmc] Progress @ 2026-07-17 01:55:10 : 20746 steps taken, and 22251 accepted.
[1 : mcmc] Progress @ 2026-07-17 01:55:14 : 20568 steps taken, and 22200 accepted.
[0 : mcmc] Progress @ 2026-07-17 01:55:18 : 20666 steps taken, and 22245 accepted.
[2 : mcmc] Progress @ 2026-07-17 01:55:38 : 20754 steps taken, and 22273 accepted.
[3 : mcmc] Progress @ 2026-07-17 01:56:11 : 20815 steps taken, and 22265 accepted.
[1 : mcmc] Progress @ 2026-07-17 01:56:14 : 20635 steps taken, and 22213 accepted.
[0 : mcmc] Progress @ 2026-07-17 01:56:20 : 20740 steps taken, and 22259 accepted.
[2 : mcmc] Progress @ 2026-07-17 01:56:39 : 20827 steps taken, and 22287 accepted.
[3 : mcmc] Progress @ 2026-07-17 01:57:11 : 20890 steps taken, and 22280 accepted.
[1 : mcmc] Progress @ 2026-07-17 01:57:16 : 20716 steps taken, and 22229 accepted.
[0 : mcmc] Progress @ 2026-07-17 01:57:22 : 20818 steps taken, and 22273 accepted.
[2 : mcmc] Progress @ 2026-07-17 01:57:43 : 20900 steps taken, and 22299 accepted.
[3 : mcmc] Progress @ 2026-07-17 01:58:14 : 20964 steps taken, and 22295 accepted.
[1 : mcmc] Progress @ 2026-07-17 01:58:19 : 20789 steps taken, and 22243 accepted.
[0 : mcmc] Progress @ 2026-07-17 01:58:24 : 20884 steps taken, and 22283 accepted.
[2 : mcmc] Progress @ 2026-07-17 01:58:44 : 20978 steps taken, and 22313 accepted.
[2 : mcmc] Learn + convergence test @ 22320 samples accepted.
[2 : mcmc] Ready to check convergence and learn a new proposal covmat (waiting for the rest...)
[3 : mcmc] Progress @ 2026-07-17 01:59:18 : 21048 steps taken, and 22311 accepted.
[1 : mcmc] Progress @ 2026-07-17 01:59:20 : 20858 steps taken, and 22256 accepted.
[0 : mcmc] Progress @ 2026-07-17 01:59:26 : 20959 steps taken, and 22297 accepted.
[2 : mcmc] Progress @ 2026-07-17 01:59:45 : 21043 steps taken, and 22325 accepted.
[3 : mcmc] Learn + convergence test @ 22320 samples accepted.
[3 : mcmc] Ready to check convergence and learn a new proposal covmat (waiting for the rest...)
[3 : mcmc] Progress @ 2026-07-17 02:00:18 : 21118 steps taken, and 22324 accepted.
[1 : mcmc] Progress @ 2026-07-17 02:00:22 : 20932 steps taken, and 22268 accepted.
[0 : mcmc] Progress @ 2026-07-17 02:00:28 : 21041 steps taken, and 22312 accepted.
[2 : mcmc] Progress @ 2026-07-17 02:00:47 : 21120 steps taken, and 22340 accepted.
[3 : mcmc] Progress @ 2026-07-17 02:01:19 : 21183 steps taken, and 22334 accepted.
[0 : mcmc] Learn + convergence test @ 22320 samples accepted.
[0 : mcmc] Ready to check convergence and learn a new proposal covmat (waiting for the rest...)
[1 : mcmc] Progress @ 2026-07-17 02:01:26 : 21005 steps taken, and 22281 accepted.
[0 : mcmc] Progress @ 2026-07-17 02:01:33 : 21103 steps taken, and 22323 accepted.
[2 : mcmc] Progress @ 2026-07-17 02:01:47 : 21180 steps taken, and 22352 accepted.
[3 : mcmc] Progress @ 2026-07-17 02:02:21 : 21251 steps taken, and 22346 accepted.
[1 : mcmc] Progress @ 2026-07-17 02:02:27 : 21077 steps taken, and 22294 accepted.
[0 : mcmc] Progress @ 2026-07-17 02:02:38 : 21173 steps taken, and 22336 accepted.
[2 : mcmc] Progress @ 2026-07-17 02:02:47 : 21252 steps taken, and 22364 accepted.
[3 : mcmc] Progress @ 2026-07-17 02:03:21 : 21331 steps taken, and 22359 accepted.
[1 : mcmc] Progress @ 2026-07-17 02:03:28 : 21150 steps taken, and 22308 accepted.
[0 : mcmc] Progress @ 2026-07-17 02:03:38 : 21243 steps taken, and 22351 accepted.
[2 : mcmc] Progress @ 2026-07-17 02:03:52 : 21340 steps taken, and 22381 accepted.
[1 : mcmc] Learn + convergence test @ 22320 samples accepted.
[1 : mcmc] Ready to check convergence and learn a new proposal covmat (waiting for the rest...)
[0 : mcmc] All chains are ready to check convergence and learn a new proposal covmat
[0 : mcmc]  - Acceptance rate: 0.929 = avg([np.float64(0.9292719414893617), np.float64(0.9256033839263499), np.float64(0.9294967613353263), np.float64(0.930151338766007)])
[0 : mcmc]  - Convergence of means: R-1 = 0.004472 after 89438 accepted steps = sum([np.int64(22361), np.int64(22320), np.int64(22385), np.int64(22372)])
[0 : mcmc]  - Updated covariance matrix of proposal pdf.
[3 : mcmc] Progress @ 2026-07-17 02:04:23 : 21392 steps taken, and 22372 accepted.
[1 : mcmc] Progress @ 2026-07-17 02:04:29 : 21215 steps taken, and 22320 accepted.
[0 : mcmc] Progress @ 2026-07-17 02:04:43 : 21310 steps taken, and 22364 accepted.
[2 : mcmc] Progress @ 2026-07-17 02:04:53 : 21395 steps taken, and 22391 accepted.
[3 : mcmc] Progress @ 2026-07-17 02:05:25 : 21464 steps taken, and 22386 accepted.
[1 : mcmc] Progress @ 2026-07-17 02:05:33 : 21302 steps taken, and 22336 accepted.
[0 : mcmc] Progress @ 2026-07-17 02:05:44 : 21379 steps taken, and 22377 accepted.
[2 : mcmc] Progress @ 2026-07-17 02:05:54 : 21470 steps taken, and 22404 accepted.
[3 : mcmc] Progress @ 2026-07-17 02:06:26 : 21532 steps taken, and 22399 accepted.
[1 : mcmc] Progress @ 2026-07-17 02:06:38 : 21359 steps taken, and 22344 accepted.
[0 : mcmc] Progress @ 2026-07-17 02:06:48 : 21456 steps taken, and 22391 accepted.
[2 : mcmc] Progress @ 2026-07-17 02:06:55 : 21538 steps taken, and 22413 accepted.
[3 : mcmc] Progress @ 2026-07-17 02:07:29 : 21606 steps taken, and 22414 accepted.
[1 : mcmc] Progress @ 2026-07-17 02:07:42 : 21430 steps taken, and 22356 accepted.
[0 : mcmc] Progress @ 2026-07-17 02:07:49 : 21529 steps taken, and 22405 accepted.
[2 : mcmc] Progress @ 2026-07-17 02:07:58 : 21615 steps taken, and 22428 accepted.
[3 : mcmc] Progress @ 2026-07-17 02:08:31 : 21685 steps taken, and 22428 accepted.
[1 : mcmc] Progress @ 2026-07-17 02:08:43 : 21514 steps taken, and 22370 accepted.
[0 : mcmc] Progress @ 2026-07-17 02:08:50 : 21598 steps taken, and 22418 accepted.
[2 : mcmc] Progress @ 2026-07-17 02:09:00 : 21681 steps taken, and 22440 accepted.
[3 : mcmc] Progress @ 2026-07-17 02:09:32 : 21742 steps taken, and 22439 accepted.
[1 : mcmc] Progress @ 2026-07-17 02:09:45 : 21576 steps taken, and 22382 accepted.
[0 : mcmc] Progress @ 2026-07-17 02:09:52 : 21671 steps taken, and 22431 accepted.
[2 : mcmc] Progress @ 2026-07-17 02:10:00 : 21752 steps taken, and 22451 accepted.
[3 : mcmc] Progress @ 2026-07-17 02:10:33 : 21821 steps taken, and 22455 accepted.
[1 : mcmc] Progress @ 2026-07-17 02:10:47 : 21656 steps taken, and 22393 accepted.
[0 : mcmc] Progress @ 2026-07-17 02:10:52 : 21737 steps taken, and 22444 accepted.
[2 : mcmc] Progress @ 2026-07-17 02:11:02 : 21839 steps taken, and 22469 accepted.
[3 : mcmc] Progress @ 2026-07-17 02:11:34 : 21899 steps taken, and 22469 accepted.
[1 : mcmc] Progress @ 2026-07-17 02:11:48 : 21723 steps taken, and 22407 accepted.
[0 : mcmc] Progress @ 2026-07-17 02:11:56 : 21813 steps taken, and 22459 accepted.
[2 : mcmc] Progress @ 2026-07-17 02:12:03 : 21903 steps taken, and 22481 accepted.
[3 : mcmc] Progress @ 2026-07-17 02:12:39 : 21966 steps taken, and 22481 accepted.
[1 : mcmc] Progress @ 2026-07-17 02:12:50 : 21794 steps taken, and 22420 accepted.
[0 : mcmc] Progress @ 2026-07-17 02:12:57 : 21890 steps taken, and 22473 accepted.
[2 : mcmc] Progress @ 2026-07-17 02:13:08 : 21974 steps taken, and 22496 accepted.
[3 : mcmc] Progress @ 2026-07-17 02:13:43 : 22045 steps taken, and 22494 accepted.
[1 : mcmc] Progress @ 2026-07-17 02:13:53 : 21864 steps taken, and 22433 accepted.
[0 : mcmc] Progress @ 2026-07-17 02:13:57 : 21964 steps taken, and 22487 accepted.
[2 : mcmc] Progress @ 2026-07-17 02:14:11 : 22053 steps taken, and 22510 accepted.
[3 : mcmc] Progress @ 2026-07-17 02:14:45 : 22132 steps taken, and 22512 accepted.
[1 : mcmc] Progress @ 2026-07-17 02:14:53 : 21947 steps taken, and 22449 accepted.
[0 : mcmc] Progress @ 2026-07-17 02:14:59 : 22036 steps taken, and 22500 accepted.
[2 : mcmc] Progress @ 2026-07-17 02:15:12 : 22115 steps taken, and 22520 accepted.
[3 : mcmc] Progress @ 2026-07-17 02:15:45 : 22195 steps taken, and 22522 accepted.
[1 : mcmc] Progress @ 2026-07-17 02:15:56 : 22012 steps taken, and 22460 accepted.
[0 : mcmc] Progress @ 2026-07-17 02:16:01 : 22109 steps taken, and 22515 accepted.
[2 : mcmc] Progress @ 2026-07-17 02:16:12 : 22181 steps taken, and 22532 accepted.
[3 : mcmc] Progress @ 2026-07-17 02:16:49 : 22270 steps taken, and 22534 accepted.
[1 : mcmc] Progress @ 2026-07-17 02:16:58 : 22081 steps taken, and 22472 accepted.
[0 : mcmc] Progress @ 2026-07-17 02:17:04 : 22192 steps taken, and 22528 accepted.
[2 : mcmc] Progress @ 2026-07-17 02:17:16 : 22269 steps taken, and 22549 accepted.
[3 : mcmc] Progress @ 2026-07-17 02:17:50 : 22329 steps taken, and 22546 accepted.
[2 : mcmc] Learn + convergence test @ 22560 samples accepted.
[2 : mcmc] Ready to check convergence and learn a new proposal covmat (waiting for the rest...)
[1 : mcmc] Progress @ 2026-07-17 02:18:02 : 22160 steps taken, and 22487 accepted.
[0 : mcmc] Progress @ 2026-07-17 02:18:06 : 22260 steps taken, and 22540 accepted.
[2 : mcmc] Progress @ 2026-07-17 02:18:17 : 22343 steps taken, and 22563 accepted.
[3 : mcmc] Learn + convergence test @ 22560 samples accepted.
[3 : mcmc] Ready to check convergence and learn a new proposal covmat (waiting for the rest...)
[3 : mcmc] Progress @ 2026-07-17 02:18:52 : 22417 steps taken, and 22564 accepted.
[1 : mcmc] Progress @ 2026-07-17 02:19:03 : 22232 steps taken, and 22500 accepted.
[0 : mcmc] Progress @ 2026-07-17 02:19:07 : 22332 steps taken, and 22554 accepted.
[2 : mcmc] Progress @ 2026-07-17 02:19:19 : 22427 steps taken, and 22579 accepted.
[0 : mcmc] Learn + convergence test @ 22560 samples accepted.
[0 : mcmc] Ready to check convergence and learn a new proposal covmat (waiting for the rest...)
[3 : mcmc] Progress @ 2026-07-17 02:19:55 : 22480 steps taken, and 22576 accepted.
[1 : mcmc] Progress @ 2026-07-17 02:20:04 : 22299 steps taken, and 22514 accepted.
[0 : mcmc] Progress @ 2026-07-17 02:20:09 : 22393 steps taken, and 22563 accepted.
[2 : mcmc] Progress @ 2026-07-17 02:20:21 : 22495 steps taken, and 22592 accepted.
[3 : mcmc] Progress @ 2026-07-17 02:20:56 : 22547 steps taken, and 22589 accepted.
[1 : mcmc] Progress @ 2026-07-17 02:21:05 : 22370 steps taken, and 22527 accepted.
[0 : mcmc] Progress @ 2026-07-17 02:21:09 : 22473 steps taken, and 22576 accepted.
[2 : mcmc] Progress @ 2026-07-17 02:21:23 : 22584 steps taken, and 22609 accepted.
[3 : mcmc] Progress @ 2026-07-17 02:21:56 : 22614 steps taken, and 22602 accepted.
[1 : mcmc] Progress @ 2026-07-17 02:22:07 : 22439 steps taken, and 22541 accepted.
[0 : mcmc] Progress @ 2026-07-17 02:22:11 : 22540 steps taken, and 22589 accepted.
[2 : mcmc] Progress @ 2026-07-17 02:22:24 : 22630 steps taken, and 22616 accepted.
[3 : mcmc] Progress @ 2026-07-17 02:23:00 : 22704 steps taken, and 22620 accepted.
[1 : mcmc] Progress @ 2026-07-17 02:23:08 : 22510 steps taken, and 22554 accepted.
[0 : mcmc] Progress @ 2026-07-17 02:23:12 : 22608 steps taken, and 22601 accepted.
[1 : mcmc] Learn + convergence test @ 22560 samples accepted.
[1 : mcmc] Ready to check convergence and learn a new proposal covmat (waiting for the rest...)
[2 : mcmc] Progress @ 2026-07-17 02:23:24 : 22699 steps taken, and 22631 accepted.
[0 : mcmc] All chains are ready to check convergence and learn a new proposal covmat
[0 : mcmc]  - Acceptance rate: 0.928 = avg([np.float64(0.9289940828402367), np.float64(0.9248934076746474), np.float64(0.9295219319862001), np.float64(0.9303453947368421)])
[0 : mcmc]  - Convergence of means: R-1 = 0.003899 after 90423 accepted steps = sum([np.int64(22607), np.int64(22560), np.int64(22631), np.int64(22625)])
[0 : mcmc]  - Updated covariance matrix of proposal pdf.
[3 : mcmc] Progress @ 2026-07-17 02:24:00 : 22750 steps taken, and 22628 accepted.
[1 : mcmc] Progress @ 2026-07-17 02:24:12 : 22571 steps taken, and 22566 accepted.
[0 : mcmc] Progress @ 2026-07-17 02:24:14 : 22679 steps taken, and 22615 accepted.
[2 : mcmc] Progress @ 2026-07-17 02:24:29 : 22767 steps taken, and 22643 accepted.
[3 : mcmc] Progress @ 2026-07-17 02:25:02 : 22822 steps taken, and 22642 accepted.
[1 : mcmc] Progress @ 2026-07-17 02:25:13 : 22636 steps taken, and 22577 accepted.
[0 : mcmc] Progress @ 2026-07-17 02:25:16 : 22772 steps taken, and 22632 accepted.
[2 : mcmc] Progress @ 2026-07-17 02:25:29 : 22830 steps taken, and 22655 accepted.
[3 : mcmc] Progress @ 2026-07-17 02:26:04 : 22905 steps taken, and 22658 accepted.
[1 : mcmc] Progress @ 2026-07-17 02:26:15 : 22720 steps taken, and 22593 accepted.
[0 : mcmc] Progress @ 2026-07-17 02:26:16 : 22833 steps taken, and 22643 accepted.
[2 : mcmc] Progress @ 2026-07-17 02:26:30 : 22911 steps taken, and 22669 accepted.
[3 : mcmc] Progress @ 2026-07-17 02:27:04 : 22972 steps taken, and 22672 accepted.
[0 : mcmc] Progress @ 2026-07-17 02:27:17 : 22894 steps taken, and 22655 accepted.
[1 : mcmc] Progress @ 2026-07-17 02:27:18 : 22795 steps taken, and 22608 accepted.
[2 : mcmc] Progress @ 2026-07-17 02:27:33 : 22978 steps taken, and 22681 accepted.
[3 : mcmc] Progress @ 2026-07-17 02:28:06 : 23036 steps taken, and 22682 accepted.
[1 : mcmc] Progress @ 2026-07-17 02:28:18 : 22855 steps taken, and 22619 accepted.
[0 : mcmc] Progress @ 2026-07-17 02:28:20 : 22970 steps taken, and 22667 accepted.
[2 : mcmc] Progress @ 2026-07-17 02:28:35 : 23052 steps taken, and 22695 accepted.
[3 : mcmc] Progress @ 2026-07-17 02:29:06 : 23109 steps taken, and 22696 accepted.
[1 : mcmc] Progress @ 2026-07-17 02:29:20 : 22931 steps taken, and 22633 accepted.
[0 : mcmc] Progress @ 2026-07-17 02:29:23 : 23054 steps taken, and 22684 accepted.
[2 : mcmc] Progress @ 2026-07-17 02:29:37 : 23133 steps taken, and 22708 accepted.
[3 : mcmc] Progress @ 2026-07-17 02:30:07 : 23181 steps taken, and 22709 accepted.
[1 : mcmc] Progress @ 2026-07-17 02:30:23 : 23008 steps taken, and 22648 accepted.
[0 : mcmc] Progress @ 2026-07-17 02:30:24 : 23117 steps taken, and 22697 accepted.
[2 : mcmc] Progress @ 2026-07-17 02:30:37 : 23196 steps taken, and 22721 accepted.
[3 : mcmc] Progress @ 2026-07-17 02:31:11 : 23250 steps taken, and 22720 accepted.
[1 : mcmc] Progress @ 2026-07-17 02:31:24 : 23079 steps taken, and 22663 accepted.
[0 : mcmc] Progress @ 2026-07-17 02:31:24 : 23193 steps taken, and 22710 accepted.
[2 : mcmc] Progress @ 2026-07-17 02:31:39 : 23274 steps taken, and 22736 accepted.
[3 : mcmc] Progress @ 2026-07-17 02:32:11 : 23327 steps taken, and 22734 accepted.
[1 : mcmc] Progress @ 2026-07-17 02:32:24 : 23143 steps taken, and 22675 accepted.
[0 : mcmc] Progress @ 2026-07-17 02:32:27 : 23260 steps taken, and 22722 accepted.
[2 : mcmc] Progress @ 2026-07-17 02:32:40 : 23340 steps taken, and 22747 accepted.
[3 : mcmc] Progress @ 2026-07-17 02:33:12 : 23394 steps taken, and 22748 accepted.
[0 : mcmc] Progress @ 2026-07-17 02:33:29 : 23335 steps taken, and 22737 accepted.
[1 : mcmc] Progress @ 2026-07-17 02:33:30 : 23222 steps taken, and 22690 accepted.
[2 : mcmc] Progress @ 2026-07-17 02:33:41 : 23413 steps taken, and 22761 accepted.
[3 : mcmc] Progress @ 2026-07-17 02:34:13 : 23469 steps taken, and 22760 accepted.
[1 : mcmc] Progress @ 2026-07-17 02:34:30 : 23296 steps taken, and 22704 accepted.
[0 : mcmc] Progress @ 2026-07-17 02:34:31 : 23412 steps taken, and 22750 accepted.
[2 : mcmc] Progress @ 2026-07-17 02:34:43 : 23499 steps taken, and 22779 accepted.
[3 : mcmc] Progress @ 2026-07-17 02:35:18 : 23543 steps taken, and 22776 accepted.
[0 : mcmc] Progress @ 2026-07-17 02:35:32 : 23481 steps taken, and 22764 accepted.
[1 : mcmc] Progress @ 2026-07-17 02:35:33 : 23377 steps taken, and 22720 accepted.
[2 : mcmc] Progress @ 2026-07-17 02:35:43 : 23569 steps taken, and 22790 accepted.
[3 : mcmc] Progress @ 2026-07-17 02:36:18 : 23615 steps taken, and 22789 accepted.
[2 : mcmc] Learn + convergence test @ 22800 samples accepted.
[2 : mcmc] Ready to check convergence and learn a new proposal covmat (waiting for the rest...)
[0 : mcmc] Progress @ 2026-07-17 02:36:32 : 23549 steps taken, and 22777 accepted.
[1 : mcmc] Progress @ 2026-07-17 02:36:34 : 23437 steps taken, and 22728 accepted.
[2 : mcmc] Progress @ 2026-07-17 02:36:45 : 23644 steps taken, and 22804 accepted.
[3 : mcmc] Learn + convergence test @ 22800 samples accepted.
[3 : mcmc] Ready to check convergence and learn a new proposal covmat (waiting for the rest...)
[3 : mcmc] Progress @ 2026-07-17 02:37:19 : 23685 steps taken, and 22802 accepted.
[0 : mcmc] Progress @ 2026-07-17 02:37:33 : 23617 steps taken, and 22791 accepted.
[1 : mcmc] Progress @ 2026-07-17 02:37:37 : 23520 steps taken, and 22745 accepted.
[2 : mcmc] Progress @ 2026-07-17 02:37:46 : 23718 steps taken, and 22818 accepted.
[0 : mcmc] Learn + convergence test @ 22800 samples accepted.
[0 : mcmc] Ready to check convergence and learn a new proposal covmat (waiting for the rest...)
[3 : mcmc] Progress @ 2026-07-17 02:38:20 : 23751 steps taken, and 22814 accepted.
[0 : mcmc] Progress @ 2026-07-17 02:38:35 : 23693 steps taken, and 22805 accepted.
[1 : mcmc] Progress @ 2026-07-17 02:38:37 : 23580 steps taken, and 22756 accepted.
[2 : mcmc] Progress @ 2026-07-17 02:38:50 : 23778 steps taken, and 22830 accepted.
[3 : mcmc] Progress @ 2026-07-17 02:39:24 : 23830 steps taken, and 22830 accepted.
[0 : mcmc] Progress @ 2026-07-17 02:39:37 : 23771 steps taken, and 22820 accepted.
[1 : mcmc] Progress @ 2026-07-17 02:39:39 : 23656 steps taken, and 22771 accepted.
[2 : mcmc] Progress @ 2026-07-17 02:39:53 : 23854 steps taken, and 22844 accepted.
[3 : mcmc] Progress @ 2026-07-17 02:40:24 : 23903 steps taken, and 22842 accepted.
[0 : mcmc] Progress @ 2026-07-17 02:40:38 : 23826 steps taken, and 22829 accepted.
[1 : mcmc] Progress @ 2026-07-17 02:40:45 : 23736 steps taken, and 22786 accepted.
[2 : mcmc] Progress @ 2026-07-17 02:40:54 : 23934 steps taken, and 22859 accepted.
[3 : mcmc] Progress @ 2026-07-17 02:41:26 : 23969 steps taken, and 22855 accepted.
[0 : mcmc] Progress @ 2026-07-17 02:41:40 : 23907 steps taken, and 22842 accepted.
[1 : mcmc] Progress @ 2026-07-17 02:41:47 : 23788 steps taken, and 22796 accepted.
[1 : mcmc] Learn + convergence test @ 22800 samples accepted.
[1 : mcmc] Ready to check convergence and learn a new proposal covmat (waiting for the rest...)
[0 : mcmc] All chains are ready to check convergence and learn a new proposal covmat
[2 : mcmc] Progress @ 2026-07-17 02:41:55 : 24008 steps taken, and 22874 accepted.
[0 : mcmc]  - Acceptance rate: 0.929 = avg([np.float64(0.9290013012361744), np.float64(0.925700365408039), np.float64(0.9296163849154746), np.float64(0.9301928240175739)])
[0 : mcmc]  - Convergence of means: R-1 = 0.003683 after 91386 accepted steps = sum([np.int64(22846), np.int64(22800), np.int64(22875), np.int64(22865)])
[0 : mcmc]  - Updated covariance matrix of proposal pdf.
[3 : mcmc] Progress @ 2026-07-17 02:42:27 : 24044 steps taken, and 22870 accepted.
[0 : mcmc] Progress @ 2026-07-17 02:42:42 : 23975 steps taken, and 22856 accepted.
[1 : mcmc] Progress @ 2026-07-17 02:42:47 : 23855 steps taken, and 22809 accepted.
[2 : mcmc] Progress @ 2026-07-17 02:42:57 : 24089 steps taken, and 22888 accepted.
[3 : mcmc] Progress @ 2026-07-17 02:43:29 : 24114 steps taken, and 22883 accepted.
[2 : mcmc] Reached maximum number of accepted steps allowed (22897). Stopping.
[0 : mcmc] Progress @ 2026-07-17 02:43:44 : 24047 steps taken, and 22869 accepted.
[1 : mcmc] Progress @ 2026-07-17 02:43:50 : 23927 steps taken, and 22823 accepted.
[3 : mcmc] Reached maximum number of accepted steps allowed (22897). Stopping.
[0 : mcmc] Progress @ 2026-07-17 02:44:49 : 24114 steps taken, and 22882 accepted.
[1 : mcmc] Progress @ 2026-07-17 02:44:53 : 24013 steps taken, and 22839 accepted.
[0 : mcmc] Reached maximum number of accepted steps allowed (22897). Stopping.
[1 : mcmc] Progress @ 2026-07-17 02:45:53 : 24074 steps taken, and 22847 accepted.
[1 : mcmc] Progress @ 2026-07-17 02:46:54 : 24148 steps taken, and 22861 accepted.
[1 : mcmc] Progress @ 2026-07-17 02:47:56 : 24222 steps taken, and 22873 accepted.
[1 : mcmc] Progress @ 2026-07-17 02:48:57 : 24291 steps taken, and 22887 accepted.
[1 : mcmc] Reached maximum number of accepted steps allowed (22897). Stopping.
[0 : mcmc] Sampling complete after 91588 accepted steps.
MCMC extension segment: PASS
Provenance: /opt/cosmological_hypothesis_golden_ratio/results/provenance/mcmc_extensions/planck_lcdm_camb/segment-002
